,price_oil,price_el
2018-01-01,543.4158,255.1625
2018-01-02,542.7643,311.53
2018-01-03,552.40753,276.98834
2018-01-04,556.8642,311.56293
2018-01-05,549.75885,304.32626
2018-01-06,549.75885,302.67126
2018-01-07,549.75885,276.78708
2018-01-08,553.0993,314.34332
2018-01-09,558.11804,293.95123
2018-01-10,563.2332,385.95792
2018-01-11,568.1852,415.54333
2018-01-12,557.8652,344.6329
2018-01-13,557.8652,301.0725
2018-01-14,557.8652,288.1225
2018-01-15,556.7005,286.26834
2018-01-16,547.15656,310.41333
2018-01-17,545.5216,324.48584
2018-01-18,547.3982,344.08957
2018-01-19,537.36646,382.57166
2018-01-20,537.36646,303.5
2018-01-21,537.36646,302.65793
2018-01-22,543.73914,377.2979
2018-01-23,549.27905,327.63458
2018-01-24,546.4375,276.5525
2018-01-25,550.2658,285.4921
2018-01-26,537.9481,310.59708
2018-01-27,537.9481,297.1721
2018-01-28,537.9481,269.00626
2018-01-29,527.44794,280.60916
2018-01-30,525.55255,307.93292
2018-01-31,521.1604,285.07126
2018-02-01,528.76196,294.7746
2018-02-02,516.24884,340.0025
2018-02-03,516.24884,328.7925
2018-02-04,516.24884,322.99542
2018-02-05,523.49414,433.82083
2018-02-06,523.4869,456.92584
2018-02-07,513.9027,439.12582
2018-02-08,507.93674,384.4504
2018-02-09,501.9686,312.3021
2018-02-10,501.9686,316.31293
2018-02-11,501.9686,289.82166
2018-02-12,494.5211,306.65833
2018-02-13,488.65707,363.4075
2018-02-14,488.95157,349.21542
2018-02-15,488.20218,317.76584
2018-02-16,497.68842,351.1054
2018-02-17,497.68842,368.60916
2018-02-18,497.68842,348.7971
2018-02-19,504.6615,388.66458
2018-02-20,505.3319,431.8375
2018-02-21,509.27698,411.2875
2018-02-22,521.7529,426.7229
2018-02-23,527.4774,406.86417
2018-02-24,527.4774,368.1146
2018-02-25,527.4774,371.7671
2018-02-26,531.68506,440.43542
2018-02-27,528.4321,394.0821
2018-02-28,522.0122,386.81042
2018-03-01,507.21146,388.5125
2018-03-02,504.5631,426.81418
2018-03-03,504.5631,398.5725
2018-03-04,504.5631,392.15457
2018-03-05,515.00476,499.9025
2018-03-06,513.78894,467.48627
2018-03-07,507.83218,453.09583
2018-03-08,498.50534,388.74042
2018-03-09,508.49503,391.39667
2018-03-10,508.49503,358.06668
2018-03-11,508.49503,348.56543
2018-03-12,501.46262,408.3579
2018-03-13,498.36536,393.84708
2018-03-14,491.37454,452.5325
2018-03-15,492.4238,369.2954
2018-03-16,499.15497,368.2725
2018-03-17,499.15497,361.16208
2018-03-18,499.15497,356.81082
2018-03-19,501.454,405.06583
2018-03-20,508.6488,405.5075
2018-03-21,526.86084,401.32083
2018-03-22,530.9184,385.11084
2018-03-23,536.50116,422.89377
2018-03-24,536.50116,385.7954
2018-03-25,536.50116,380.66397
2018-03-26,532.42426,456.6696
2018-03-27,525.946,430.50833
2018-03-28,527.91895,377.8925
2018-03-29,534.8153,391.0675
2018-03-30,534.8153,393.1175
2018-03-31,534.8153,388.09625
2018-04-01,534.8153,380.8625
2018-04-02,534.8153,387.0275
2018-04-03,542.8354,407.30124
2018-04-04,517.6215,405.8925
2018-04-05,519.724,394.43793
2018-04-06,522.2498,391.13126
2018-04-07,522.2498,374.7621
2018-04-08,522.2498,379.70374
2018-04-09,533.2049,415.22583
2018-04-10,551.4663,375.525
2018-04-11,566.79004,379.63208
2018-04-12,555.84607,382.30667
2018-04-13,569.2599,379.37085
2018-04-14,569.2599,375.21167
2018-04-15,569.2599,382.35626
2018-04-16,570.05023,425.28168
2018-04-17,556.7564,402.11584
2018-04-18,572.58716,401.4129
2018-04-19,580.72375,381.6954
2018-04-20,581.24506,349.96375
2018-04-21,581.24506,305.1629
2018-04-22,581.24506,336.6029
2018-04-23,584.0209,335.97
2018-04-24,598.0423,336.34207
2018-04-25,584.5644,355.46292
2018-04-26,600.4361,353.7346
2018-04-27,601.6683,358.33792
2018-04-28,601.6683,344.905
2018-04-29,601.6683,338.78207
2018-04-30,604.9154,306.0679
2018-05-01,596.38983,290.42624
2018-05-02,590.0935,356.25375
2018-05-03,594.99646,353.52542
2018-05-04,602.2383,356.28293
2018-05-05,602.2383,310.12
2018-05-06,602.2383,228.51125
2018-05-07,603.15027,298.42334
2018-05-08,597.9965,268.9975
2018-05-09,633.1539,228.85374
2018-05-10,633.0723,163.30708
2018-05-11,620.4687,252.75542
2018-05-12,620.4687,291.065
2018-05-13,620.4687,180.98334
2018-05-14,624.7972,308.6429
2018-05-15,632.99615,334.31
2018-05-16,634.3242,333.88333
2018-05-17,649.73816,281.26874
2018-05-18,636.14777,301.64957
2018-05-19,636.14777,335.67416
2018-05-20,636.14777,242.1375
2018-05-21,635.8231,290.02835
2018-05-22,649.2548,361.33167
2018-05-23,636.61786,376.5875
2018-05-24,638.1669,369.0271
2018-05-25,621.73157,371.9454
2018-05-26,621.73157,369.39374
2018-05-27,621.73157,360.55835
2018-05-28,623.5546,378.79376
2018-05-29,612.43494,393.8829
2018-05-30,626.5403,392.79416
2018-05-31,624.53534,404.70584
2018-06-01,609.2229,408.77374
2018-06-02,609.2229,399.2475
2018-06-03,609.2229,403.0925
2018-06-04,598.6512,405.86667
2018-06-05,590.6075,430.15707
2018-06-06,593.6097,440.42166
2018-06-07,605.38336,448.54498
2018-06-08,606.9114,455.99417
2018-06-09,606.9114,436.70624
2018-06-10,606.9114,437.02792
2018-06-11,600.6524,441.40875
2018-06-12,602.5182,439.19708
2018-06-13,604.1258,441.82083
2018-06-14,598.71326,436.34543
2018-06-15,586.2428,422.03458
2018-06-16,586.2428,411.29083
2018-06-17,586.2428,404.24042
2018-06-18,611.6055,415.08292
2018-06-19,614.0293,398.1721
2018-06-20,608.2708,407.45126
2018-06-21,597.13324,401.02417
2018-06-22,595.79877,390.2321
2018-06-23,595.79877,385.63876
2018-06-24,595.79877,400.70374
2018-06-25,592.0776,427.34457
2018-06-26,597.1458,435.61667
2018-06-27,618.62695,442.62708
2018-06-28,625.6371,441.43292
2018-06-29,630.7643,438.71
2018-06-30,630.7643,439.84375
2018-07-01,630.7643,434.75958
2018-07-02,627.1196,470.75708
2018-07-03,619.1902,475.0871
2018-07-04,624.1348,479.3571
2018-07-05,623.3266,482.22583
2018-07-06,602.1119,467.00418
2018-07-07,602.1119,454.22958
2018-07-08,602.1119,463.85208
2018-07-09,618.1585,472.11124
2018-07-10,622.25214,478.63876
2018-07-11,606.4846,486.00043
2018-07-12,583.6295,491.0504
2018-07-13,602.166,499.80292
2018-07-14,602.166,490.10416
2018-07-15,602.166,489.37332
2018-07-16,575.8686,501.61334
2018-07-17,573.48004,497.20917
2018-07-18,576.8818,492.625
2018-07-19,590.6418,493.88916
2018-07-20,591.49866,509.0079
2018-07-21,591.49866,505.8871
2018-07-22,591.49866,504.15833
2018-07-23,600.83563,516.425
2018-07-24,604.4166,515.9154
2018-07-25,601.86176,516.9362
2018-07-26,606.4145,509.06375
2018-07-27,612.3184,505.825
2018-07-28,612.3184,482.56876
2018-07-29,612.3184,479.31042
2018-07-30,614.1906,500.23502
2018-07-31,602.6761,505.1679
2018-08-01,590.79504,508.08624
2018-08-02,598.09515,506.26
2018-08-03,597.7788,510.21542
2018-08-04,597.7788,492.83917
2018-08-05,597.7788,473.225
2018-08-06,598.9326,497.2025
2018-08-07,594.6413,499.93
2018-08-08,579.1432,484.68
2018-08-09,580.02686,484.53207
2018-08-10,592.5873,451.99
2018-08-11,592.5873,450.75208
2018-08-12,592.5873,434.43668
2018-08-13,593.3068,471.07083
2018-08-14,591.0144,475.395
2018-08-15,576.01263,477.0475
2018-08-16,583.2535,480.15
2018-08-17,593.61584,479.46625
2018-08-18,593.61584,460.24707
2018-08-19,593.61584,442.17374
2018-08-20,601.2066,476.40375
2018-08-21,603.9164,482.84625
2018-08-22,613.5352,481.56708
2018-08-23,616.21326,488.43542
2018-08-24,622.7373,485.20334
2018-08-25,622.7373,490.41083
2018-08-26,622.7373,486.64874
2018-08-27,622.36523,475.91583
2018-08-28,631.71545,529.87085
2018-08-29,636.5081,544.8846
2018-08-30,642.93604,529.0675
2018-08-31,641.61804,556.3721
2018-09-01,641.61804,556.6592
2018-09-02,641.61804,546.8325
2018-09-03,652.2345,565.9679
2018-09-04,649.78955,561.2208
2018-09-05,644.9555,570.77875
2018-09-06,636.7025,566.90625
2018-09-07,635.26215,558.7596
2018-09-08,635.26215,532.5596
2018-09-09,635.26215,522.0004
2018-09-10,646.081,539.53375
2018-09-11,653.8488,506.61084
2018-09-12,667.5748,505.99084
2018-09-13,641.53375,516.895
2018-09-14,639.8344,509.63333
2018-09-15,639.8344,467.9179
2018-09-16,639.8344,431.71832
2018-09-17,645.47144,473.18542
2018-09-18,646.4105,432.4075
2018-09-19,647.68805,416.11667
2018-09-20,644.53705,403.07916
2018-09-21,642.2381,349.89835
2018-09-22,642.2381,206.37
2018-09-23,642.2381,318.20084
2018-09-24,659.3667,325.54208
2018-09-25,669.12366,373.7325
2018-09-26,664.74347,282.5196
2018-09-27,662.5696,327.0104
2018-09-28,674.6312,371.90167
2018-09-29,674.6312,362.17917
2018-09-30,674.6312,319.82
2018-10-01,693.6116,429.11835
2018-10-02,700.8987,432.80667
2018-10-03,697.2891,424.55957
2018-10-04,708.48517,450.67166
2018-10-05,701.8485,436.78168
2018-10-06,701.8485,442.70792
2018-10-07,701.8485,440.77124
2018-10-08,696.20465,439.63834
2018-10-09,705.51654,415.115
2018-10-10,689.168,415.6679
2018-10-11,669.8847,387.1096
2018-10-12,660.57904,399.5104
2018-10-13,660.57904,322.10876
2018-10-14,660.57904,171.05042
2018-10-15,661.3017,322.82666
2018-10-16,656.0376,393.91833
2018-10-17,651.0827,375.7725
2018-10-18,660.2667,382.3829
2018-10-19,663.81824,383.09042
2018-10-20,663.81824,385.105
2018-10-21,663.81824,384.1121
2018-10-22,659.90717,357.93
2018-10-23,650.82904,337.31458
2018-10-24,640.6459,398.98874
2018-10-25,644.5042,418.07584
2018-10-26,646.80084,446.16708
2018-10-27,646.80084,420.47168
2018-10-28,646.80084,420.09833
2018-10-29,648.0914,424.90625
2018-10-30,634.3876,408.41626
2018-10-31,629.14996,407.80167
2018-11-01,597.0323,422.69708
2018-11-02,591.94806,421.845
2018-11-03,591.94806,415.8725
2018-11-04,591.94806,415.0446
2018-11-05,608.4479,429.915
2018-11-06,590.4869,449.7054
2018-11-07,584.7392,435.26334
2018-11-08,577.2065,442.16833
2018-11-09,581.6646,437.03958
2018-11-10,581.6646,404.99167
2018-11-11,581.6646,385.9779
2018-11-12,591.6747,429.64374
2018-11-13,557.05145,454.68832
2018-11-14,551.1426,466.22083
2018-11-15,556.504,452.62793
2018-11-16,553.1957,449.9525
2018-11-17,553.1957,441.2579
2018-11-18,553.1957,453.6875
2018-11-19,541.4378,467.59708
2018-11-20,520.27155,459.7696
2018-11-21,527.7117,489.0079
2018-11-22,521.4761,508.03043
2018-11-23,492.12457,508.05917
2018-11-24,492.12457,476.71585
2018-11-25,492.12457,480.6975
2018-11-26,511.44992,644.00415
2018-11-27,512.5667,621.28125
2018-11-28,498.913,494.1546
2018-11-29,497.61588,454.5504
2018-11-30,493.4955,449.84793
2018-12-01,493.4955,449.72916
2018-12-02,493.4955,437.8921
2018-12-03,512.3957,459.24582
2018-12-04,520.40674,449.76624
2018-12-05,524.3437,493.56958
2018-12-06,493.6658,503.22
2018-12-07,526.2629,466.7904
2018-12-08,526.2629,441.24792
2018-12-09,526.2629,437.09918
2018-12-10,509.9991,457.01126
2018-12-11,510.29727,486.7646
2018-12-12,514.1773,589.48834
2018-12-13,505.16696,566.5942
2018-12-14,502.8313,576.4558
2018-12-15,502.8313,506.78375
2018-12-16,502.8313,486.93832
2018-12-17,495.75778,643.2546
2018-12-18,478.3637,581.48584
2018-12-19,484.04807,525.6692
2018-12-20,459.8824,529.83624
2018-12-21,449.22568,517.20917
2018-12-22,449.22568,512.4338
2018-12-23,449.22568,531.77875
2018-12-24,449.22568,510.68332
2018-12-25,449.22568,501.48376
2018-12-26,449.22568,509.40332
2018-12-27,451.26352,519.8787
2018-12-28,442.95276,533.055
2018-12-29,442.95276,506.72708
2018-12-30,442.95276,512.4129
2018-12-31,439.50894,497.37
2019-01-01,439.50894,484.93542
2019-01-02,468.01364,506.02957
2019-01-03,465.09714,565.2921
2019-01-04,481.56976,507.75333
2019-01-05,481.56976,500.5425
2019-01-06,481.56976,502.32043
2019-01-07,489.9237,510.6071
2019-01-08,486.4724,487.48334
2019-01-09,507.12842,493.19876
2019-01-10,512.8037,582.4154
2019-01-11,501.2,486.865
2019-01-12,501.2,483.83167
2019-01-13,501.2,483.955
2019-01-14,502.9517,488.39252
2019-01-15,500.92966,508.31207
2019-01-16,510.97476,508.46082
2019-01-17,512.6631,515.5979
2019-01-18,530.10693,597.0296
2019-01-19,530.10693,536.25336
2019-01-20,530.10693,539.30664
2019-01-21,532.37897,664.9604
2019-01-22,523.36847,609.255
2019-01-23,524.27905,661.26794
2019-01-24,523.83453,763.13837
2019-01-25,526.5881,626.6625
2019-01-26,526.5881,523.54877
2019-01-27,526.5881,507.2121
2019-01-28,509.01584,540.32916
2019-01-29,518.2934,598.8237
2019-01-30,526.03406,535.03375
2019-01-31,525.37604,529.0425
2019-02-01,521.85095,522.45795
2019-02-02,521.85095,494.5754
2019-02-03,521.85095,488.1029
2019-02-04,526.0472,505.23666
2019-02-05,522.37573,507.15625
2019-02-06,528.6024,512.9975
2019-02-07,522.72754,483.87543
2019-02-08,527.44446,482.7125
2019-02-09,527.44446,467.27832
2019-02-10,527.44446,464.21667
2019-02-11,531.44037,467.15625
2019-02-12,544.02673,478.99875
2019-02-13,546.2542,454.97043
2019-02-14,552.2048,441.33124
2019-02-15,569.61224,429.4225
2019-02-16,569.61224,414.37958
2019-02-17,569.61224,419.12167
2019-02-18,572.8394,431.62582
2019-02-19,567.4169,420.5175
2019-02-20,572.77435,429.46085
2019-02-21,576.4029,428.37332
2019-02-22,576.2557,427.15457
2019-02-23,576.2557,400.92584
2019-02-24,576.2557,406.34082
2019-02-25,549.2084,411.15958
2019-02-26,556.16003,411.74832
2019-02-27,561.24567,410.40875
2019-02-28,556.29266,410.1196
2019-03-01,545.0709,436.9846
2019-03-02,545.0709,420.4025
2019-03-03,545.0709,404.96793
2019-03-04,553.5138,415.74582
2019-03-05,556.84515,433.5779
2019-03-06,559.7984,440.47626
2019-03-07,561.55505,435.2121
2019-03-08,578.57623,419.1121
2019-03-09,578.57623,429.23834
2019-03-10,578.57623,424.66125
2019-03-11,565.30634,446.30835
2019-03-12,565.2613,438.05292
2019-03-13,569.46094,414.77
2019-03-14,566.792,414.53583
2019-03-15,565.8024,416.52625
2019-03-16,565.8024,399.1954
2019-03-17,565.8024,391.13583
2019-03-18,567.6581,409.2575
2019-03-19,574.2032,447.6196
2019-03-20,583.08704,406.6875
2019-03-21,580.4681,389.4896
2019-03-22,559.5274,391.865
2019-03-23,559.5274,368.51416
2019-03-24,559.5274,370.8346
2019-03-25,576.02026,387.87958
2019-03-26,575.7523,390.41916
2019-03-27,578.3614,391.225
2019-03-28,571.8299,394.82834
2019-03-29,585.99133,385.00458
2019-03-30,585.99133,371.345
2019-03-31,585.99133,373.4775
2019-04-01,593.4317,387.06125
2019-04-02,599.5058,372.3571
2019-04-03,593.2335,389.05084
2019-04-04,598.3814,381.35626
2019-04-05,601.06934,383.54
2019-04-06,601.06934,386.37958
2019-04-07,601.06934,386.0196
2019-04-08,611.6747,401.96582
2019-04-09,606.97955,412.415
2019-04-10,609.9796,423.84958
2019-04-11,605.46533,449.79626
2019-04-12,610.4635,444.70334
2019-04-13,610.4635,423.15042
2019-04-14,610.4635,414.20667
2019-04-15,602.1537,434.24875
2019-04-16,600.5755,430.75458
2019-04-17,602.6412,421.51834
2019-04-18,598.99854,417.4854
2019-04-19,598.99854,404.95792
2019-04-20,598.99854,401.02292
2019-04-21,598.99854,396.95
2019-04-22,598.99854,384.11667
2019-04-23,633.1779,390.62292
2019-04-24,631.1888,381.81
2019-04-25,647.42914,389.46375
2019-04-26,615.269,398.1496
2019-04-27,615.269,324.86835
2019-04-28,615.269,331.0196
2019-04-29,618.3035,389.5775
2019-04-30,625.04987,382.03833
2019-05-01,623.49133,348.3304
2019-05-02,612.8348,368.68542
2019-05-03,630.92236,389.0125
2019-05-04,630.92236,401.85916
2019-05-05,630.92236,403.36374
2019-05-06,630.1093,424.75082
2019-05-07,618.0442,428.63208
2019-05-08,620.6797,419.13043
2019-05-09,619.4121,429.6029
2019-05-10,627.8298,424.80542
2019-05-11,627.8298,412.905
2019-05-12,627.8298,411.59793
2019-05-13,632.6212,420.27957
2019-05-14,634.05005,421.80917
2019-05-15,639.46436,415.4271
2019-05-16,651.3691,391.90793
2019-05-17,644.742,388.91
2019-05-18,644.742,371.11334
2019-05-19,644.742,362.9271
2019-05-20,642.3226,405.31583
2019-05-21,641.6678,393.0846
2019-05-22,630.92096,378.95792
2019-05-23,599.39294,376.29498
2019-05-24,593.7713,374.77332
2019-05-25,593.7713,345.72626
2019-05-26,593.7713,290.9829
2019-05-27,590.7258,359.03168
2019-05-28,610.2108,369.14417
2019-05-29,616.85675,367.12833
2019-05-30,607.33844,317.20416
2019-05-31,586.5755,349.96582
2019-06-01,586.5755,332.61792
2019-06-02,586.5755,304.1446
2019-06-03,553.1111,333.76752
2019-06-04,552.044,341.4129
2019-06-05,540.096,317.01126
2019-06-06,547.5615,299.57
2019-06-07,557.40717,295.5821
2019-06-08,557.40717,145.79916
2019-06-09,557.40717,270.04874
2019-06-10,559.23334,295.60126
2019-06-11,551.4529,313.49625
2019-06-12,532.27374,322.0896
2019-06-13,547.1505,298.93875
2019-06-14,547.8169,307.96957
2019-06-15,547.8169,270.55124
2019-06-16,547.8169,274.00375
2019-06-17,545.37933,309.88168
2019-06-18,553.0455,315.03668
2019-06-19,549.36554,320.74582
2019-06-20,564.8126,299.19876
2019-06-21,565.50793,302.65417
2019-06-22,565.50793,300.2375
2019-06-23,565.50793,263.2679
2019-06-24,552.9087,303.4571
2019-06-25,562.73535,306.57166
2019-06-26,570.0366,308.8721
2019-06-27,568.3178,276.255
2019-06-28,574.6087,301.05832
2019-06-29,574.6087,282.87668
2019-06-30,574.6087,224.7525
2019-07-01,555.4853,267.1746
2019-07-02,537.1341,263.90207
2019-07-03,545.4432,281.4896
2019-07-04,542.7613,277.80374
2019-07-05,548.51135,280.52917
2019-07-06,548.51135,275.66168
2019-07-07,548.51135,269.68457
2019-07-08,559.9488,302.75168
2019-07-09,555.8092,318.6354
2019-07-10,575.0442,322.75418
2019-07-11,579.09314,340.65082
2019-07-12,568.1313,353.57166
2019-07-13,568.1313,351.42917
2019-07-14,568.1313,349.6225
2019-07-15,570.44946,364.99918
2019-07-16,562.7274,360.78876
2019-07-17,547.1036,372.0729
2019-07-18,521.8015,371.40292
2019-07-19,521.6845,367.42334
2019-07-20,521.6845,348.02707
2019-07-21,521.6845,338.0375
2019-07-22,531.3628,358.28168
2019-07-23,538.06805,363.09125
2019-07-24,553.76996,372.73126
2019-07-25,548.9457,377.90625
2019-07-26,542.07166,372.99707
2019-07-27,542.07166,358.37958
2019-07-28,542.07166,343.55374
2019-07-29,543.3183,380.8204
2019-07-30,545.3047,386.9925
2019-07-31,560.7406,379.9154
2019-08-01,558.60236,387.5546
2019-08-02,543.56464,391.93668
2019-08-03,543.56464,386.46417
2019-08-04,543.56464,388.47876
2019-08-05,529.8522,398.89624
2019-08-06,521.94183,397.55875
2019-08-07,490.69147,390.69376
2019-08-08,502.7429,373.54752
2019-08-09,511.43063,372.31207
2019-08-10,511.43063,340.53668
2019-08-11,511.43063,286.2621
2019-08-12,507.4401,357.13916
2019-08-13,534.51764,361.56293
2019-08-14,514.7457,344.44916
2019-08-15,513.79425,325.47208
2019-08-16,532.0915,333.59793
2019-08-17,532.0915,295.42667
2019-08-18,532.0915,331.5771
2019-08-19,538.5644,331.91833
2019-08-20,530.2783,344.67917
2019-08-21,544.9031,340.7425
2019-08-22,535.83185,325.27667
2019-08-23,526.63995,321.08875
2019-08-24,526.63995,317.16458
2019-08-25,526.63995,320.94415
2019-08-26,526.3937,340.90292
2019-08-27,526.673,349.99625
2019-08-28,544.6923,338.75833
2019-08-29,549.05444,324.54166
2019-08-30,556.2087,310.60126
2019-08-31,556.2087,296.33792
2019-09-01,556.2087,296.35834
2019-09-02,534.0814,308.29666
2019-09-03,528.982,317.2975
2019-09-04,550.71954,315.24542
2019-09-05,566.34406,299.98917
2019-09-06,551.05426,295.35916
2019-09-07,551.05426,297.34665
2019-09-08,551.05426,310.40958
2019-09-09,573.56793,322.2575
2019-09-10,578.31793,312.28418
2019-09-11,563.6572,293.93457
2019-09-12,543.81415,290.32126
2019-09-13,549.58405,291.43793
2019-09-14,549.58405,278.7979
2019-09-15,549.58405,213.95876
2019-09-16,612.31793,254.32167
2019-09-17,588.67676,286.0221
2019-09-18,575.46625,280.28375
2019-09-19,574.9604,288.09793
2019-09-20,585.08044,289.07666
2019-09-21,585.08044,297.55542
2019-09-22,585.08044,293.33374
2019-09-23,585.6062,305.9525
2019-09-24,579.82495,319.43457
2019-09-25,563.113,317.96875
2019-09-26,562.24615,317.64624
2019-09-27,567.9807,322.59332
2019-09-28,567.9807,304.47958
2019-09-29,567.9807,308.0075
2019-09-30,553.838,323.88
2019-10-01,548.9364,336.22958
2019-10-02,529.0702,348.59918
2019-10-03,530.36804,356.8246
2019-10-04,539.19464,368.80084
2019-10-05,539.19464,359.86584
2019-10-06,539.19464,355.175
2019-10-07,541.532,408.06833
2019-10-08,530.5275,375.12418
2019-10-09,547.54456,380.70792
2019-10-10,540.068,357.61874
2019-10-11,551.32056,340.1446
2019-10-12,551.32056,338.045
2019-10-13,551.32056,344.66916
2019-10-14,535.2827,345.91
2019-10-15,539.35706,354.18167
2019-10-16,542.7017,359.69083
2019-10-17,546.2396,363.35333
2019-10-18,550.5587,374.94125
2019-10-19,550.5587,364.06876
2019-10-20,550.5587,378.0871
2019-10-21,539.9997,393.11957
2019-10-22,552.6191,387.0704
2019-10-23,555.973,386.4271
2019-10-24,563.005,376.08667
2019-10-25,566.887,367.80667
2019-10-26,566.887,370.9754
2019-10-27,566.887,382.27542
2019-10-28,555.2981,405.67
2019-10-29,562.83215,406.2071
2019-10-30,555.3368,412.2579
2019-10-31,543.4133,402.305
2019-11-01,552.45087,388.48874
2019-11-02,552.45087,383.71292
2019-11-03,552.45087,389.8
2019-11-04,567.51904,414.255
2019-11-05,571.75555,435.23502
2019-11-06,571.4741,536.1583
2019-11-07,572.3643,461.2021
2019-11-08,565.6198,470.45667
2019-11-09,565.6198,421.89667
2019-11-10,565.6198,426.63666
2019-11-11,572.9825,439.1604
2019-11-12,568.00616,426.9646
2019-11-13,572.09314,464.63873
2019-11-14,573.93243,466.52042
2019-11-15,579.4223,416.94876
2019-11-16,579.4223,407.40793
2019-11-17,579.4223,410.1379
2019-11-18,570.8893,421.78543
2019-11-19,569.5067,410.48834
2019-11-20,585.5245,445.19833
2019-11-21,594.35956,422.12543
2019-11-22,592.52026,408.0896
2019-11-23,592.52026,387.5375
2019-11-24,592.52026,396.28043
2019-11-25,591.49774,428.87875
2019-11-26,594.9828,450.755
2019-11-27,597.9118,425.16
2019-11-28,593.52954,412.78458
2019-11-29,592.27124,420.62708
2019-11-30,592.27124,422.12958
2019-12-01,592.27124,418.47708
2019-12-02,582.70404,443.75043
2019-12-03,576.54016,456.4475
2019-12-04,600.88074,417.92084
2019-12-05,600.9396,401.90332
2019-12-06,607.4243,384.7446
2019-12-07,607.4243,379.3871
2019-12-08,607.4243,380.12167
2019-12-09,607.6004,389.68793
2019-12-10,608.96906,420.14
2019-12-11,599.88086,390.7275
2019-12-12,607.3304,394.69083
2019-12-13,610.11615,378.46542
2019-12-14,610.11615,370.77292
2019-12-15,610.11615,366.43918
2019-12-16,613.5439,398.0896
2019-12-17,623.3729,388.0496
2019-12-18,624.6374,390.17667
2019-12-19,627.1327,376.74875
2019-12-20,617.1229,368.13
2019-12-21,617.1229,358.77084
2019-12-22,617.1229,366.72583
2019-12-23,606.55963,366.80417
2019-12-24,622.46735,363.03418
2019-12-25,622.46735,356.04376
2019-12-26,622.46735,363.3871
2019-12-27,612.1344,374.04376
2019-12-28,612.1344,343.9625
2019-12-29,612.1344,330.18918
2019-12-30,601.8528,333.1396
2019-12-31,597.5688,324.17084
2020-01-01,597.5688,305.1396
2020-01-02,588.7057,302.76416
2020-01-03,609.16125,287.76334
2020-01-04,609.16125,284.25333
2020-01-05,609.16125,302.7954
2020-01-06,621.565,300.19
2020-01-07,605.1045,291.64874
2020-01-08,595.6531,262.89
2020-01-09,590.53796,270.72665
2020-01-10,592.99774,277.01584
2020-01-11,592.99774,248.91292
2020-01-12,592.99774,243.81459
2020-01-13,569.6337,266.8875
2020-01-14,572.9734,242.6825
2020-01-15,562.21136,243.65791
2020-01-16,573.4749,242.41042
2020-01-17,569.27,241.92583
2020-01-18,569.27,230.18916
2020-01-19,569.27,225.57834
2020-01-20,575.4526,226.26208
2020-01-21,570.0753,208.31
2020-01-22,558.70435,215.66542
2020-01-23,551.21747,206.45792
2020-01-24,533.68616,198.90709
2020-01-25,533.68616,203.82584
2020-01-26,533.68616,200.02959
2020-01-27,532.0642,208.46375
2020-01-28,542.46967,211.30125
2020-01-29,542.89355,212.30583
2020-01-30,531.85516,211.45041
2020-01-31,531.6227,191.13875
2020-02-01,531.6227,164.51584
2020-02-02,531.6227,173.23833
2020-02-03,496.68118,191.23125
2020-02-04,498.8337,193.40791
2020-02-05,511.9582,174.69833
2020-02-06,507.95947,166.20209
2020-02-07,504.64792,163.80875
2020-02-08,504.64792,138.835
2020-02-09,504.64792,114.72083
2020-02-10,493.28088,121.51083
2020-02-11,500.445,128.36125
2020-02-12,512.4287,132.6875
2020-02-13,521.7366,135.91417
2020-02-14,530.9708,132.92874
2020-02-15,530.9708,116.60375
2020-02-16,530.9708,90.64833
2020-02-17,534.5516,107.26708
2020-02-18,534.1579,108.121666
2020-02-19,554.95404,111.1525
2020-02-20,554.55505,98.575
2020-02-21,548.1619,87.52375
2020-02-22,548.1619,79.05
2020-02-23,548.1619,81.206665
2020-02-24,531.15155,93.98417
2020-02-25,516.6353,97.58625
2020-02-26,515.76666,103.78167
2020-02-27,489.91275,108.92667
2020-02-28,486.68048,110.886665
2020-02-29,486.68048,100.0725
2020-03-01,486.68048,95.61542
2020-03-02,490.70486,102.932915
2020-03-03,486.7201,102.15125
2020-03-04,480.44662,102.575
2020-03-05,475.39673,105.06084
2020-03-06,423.74255,118.92
2020-03-07,423.74255,108.83708
2020-03-08,423.74255,103.21
2020-03-09,338.5815,109.590836
2020-03-10,338.41653,104.674164
2020-03-11,330.2067,97.559166
2020-03-12,304.4148,92.22625
2020-03-13,322.8225,94.03792
2020-03-14,322.8225,93.098335
2020-03-15,322.8225,78.85
2020-03-16,287.3546,93.64833
2020-03-17,284.4549,85.97083
2020-03-18,240.2066,78.86833
2020-03-19,286.3212,81.003334
2020-03-20,280.539,93.25125
2020-03-21,280.539,89.652916
2020-03-22,280.539,83.77875
2020-03-23,278.5875,96.05708
2020-03-24,271.70502,84.84625
2020-03-25,279.258,79.6075
2020-03-26,253.39801,78.56625
2020-03-27,234.64719,71.82542
2020-03-28,234.64719,61.20125
2020-03-29,234.64719,55.710835
2020-03-30,203.79779,75.0975
2020-03-31,155.77649,61.606667
2020-04-01,157.3347,56.75083
2020-04-02,207.46,51.999584
2020-04-03,253.2753,45.632915
2020-04-04,253.2753,51.00083
2020-04-05,253.2753,49.30417
2020-04-06,237.9932,49.728333
2020-04-07,227.409,50.312084
2020-04-08,260.7748,50.637085
2020-04-09,209.1782,51.915417
2020-04-10,209.1782,55.564167
2020-04-11,209.1782,55.635418
2020-04-12,209.1782,43.607082
2020-04-13,209.1782,27.426666
2020-04-14,223.7046,52.5725
2020-04-15,205.92,51.161667
2020-04-16,197.5533,51.888332
2020-04-17,205.795,56.3625
2020-04-18,205.795,57.28875
2020-04-19,205.795,54.580833
2020-04-20,181.0648,56.7825
2020-04-21,95.6688,51.859165
2020-04-22,146.6505,60.010418
2020-04-23,160.9914,57.275833
2020-04-24,169.3329,55.822502
2020-04-25,169.3329,55.680832
2020-04-26,169.3329,55.851665
2020-04-27,161.5605,61.115833
2020-04-28,164.58,62.503334
2020-04-29,,60.369167
2020-04-30,,58.196667
2020-05-01,,57.142082
2020-05-02,,65.153336
2020-05-03,,66.63042
2020-05-04,,75.763336
