timestamp,Kr.sand
2020-01-01 00:00:00,"313,86"
2020-01-01 01:00:00,"313,36"
2020-01-01 02:00:00,"311,39"
2020-01-01 03:00:00,"308,53"
2020-01-01 04:00:00,"303,01"
2020-01-01 05:00:00,"298,57"
2020-01-01 06:00:00,"297,58"
2020-01-01 07:00:00,"297,29"
2020-01-01 08:00:00,"300,74"
2020-01-01 09:00:00,"301,72"
2020-01-01 10:00:00,"298,57"
2020-01-01 11:00:00,"299,26"
2020-01-01 12:00:00,"301,72"
2020-01-01 13:00:00,"299,65"
2020-01-01 14:00:00,"301,82"
2020-01-01 15:00:00,"306,66"
2020-01-01 16:00:00,"311,00"
2020-01-01 17:00:00,"313,46"
2020-01-01 18:00:00,"312,08"
2020-01-01 19:00:00,"310,11"
2020-01-01 20:00:00,"309,22"
2020-01-01 21:00:00,"306,46"
2020-01-01 22:00:00,"305,37"
2020-01-01 23:00:00,"301,92"
2020-01-02 00:00:00,"302,35"
2020-01-02 01:00:00,"300,97"
2020-01-02 02:00:00,"298,91"
2020-01-02 03:00:00,"293,11"
2020-01-02 04:00:00,"293,70"
2020-01-02 05:00:00,"299,01"
2020-01-02 06:00:00,"311,19"
2020-01-02 07:00:00,"312,27"
2020-01-02 08:00:00,"312,66"
2020-01-02 09:00:00,"311,78"
2020-01-02 10:00:00,"310,70"
2020-01-02 11:00:00,"307,65"
2020-01-02 12:00:00,"305,19"
2020-01-02 13:00:00,"305,10"
2020-01-02 14:00:00,"305,19"
2020-01-02 15:00:00,"307,06"
2020-01-02 16:00:00,"308,53"
2020-01-02 17:00:00,"308,44"
2020-01-02 18:00:00,"305,49"
2020-01-02 19:00:00,"302,05"
2020-01-02 20:00:00,"299,30"
2020-01-02 21:00:00,"295,67"
2020-01-02 22:00:00,"291,84"
2020-01-02 23:00:00,"278,18"
2020-01-03 00:00:00,"279,32"
2020-01-03 01:00:00,"278,33"
2020-01-03 02:00:00,"278,23"
2020-01-03 03:00:00,"273,11"
2020-01-03 04:00:00,"273,01"
2020-01-03 05:00:00,"276,75"
2020-01-03 06:00:00,"283,55"
2020-01-03 07:00:00,"283,95"
2020-01-03 08:00:00,"288,28"
2020-01-03 09:00:00,"292,22"
2020-01-03 10:00:00,"294,78"
2020-01-03 11:00:00,"299,12"
2020-01-03 12:00:00,"299,41"
2020-01-03 13:00:00,"297,94"
2020-01-03 14:00:00,"297,44"
2020-01-03 15:00:00,"299,51"
2020-01-03 16:00:00,"300,30"
2020-01-03 17:00:00,"299,91"
2020-01-03 18:00:00,"297,15"
2020-01-03 19:00:00,"293,11"
2020-01-03 20:00:00,"285,52"
2020-01-03 21:00:00,"278,43"
2020-01-03 22:00:00,"277,54"
2020-01-03 23:00:00,"279,41"
2020-01-04 00:00:00,"282,19"
2020-01-04 01:00:00,"282,09"
2020-01-04 02:00:00,"281,60"
2020-01-04 03:00:00,"275,01"
2020-01-04 04:00:00,"271,36"
2020-01-04 05:00:00,"270,38"
2020-01-04 06:00:00,"273,23"
2020-01-04 07:00:00,"276,48"
2020-01-04 08:00:00,"281,21"
2020-01-04 09:00:00,"282,58"
2020-01-04 10:00:00,"283,67"
2020-01-04 11:00:00,"283,86"
2020-01-04 12:00:00,"283,37"
2020-01-04 13:00:00,"283,08"
2020-01-04 14:00:00,"283,37"
2020-01-04 15:00:00,"284,45"
2020-01-04 16:00:00,"285,54"
2020-01-04 17:00:00,"286,03"
2020-01-04 18:00:00,"291,15"
2020-01-04 19:00:00,"291,15"
2020-01-04 20:00:00,"294,89"
2020-01-04 21:00:00,"295,77"
2020-01-04 22:00:00,"296,17"
2020-01-04 23:00:00,"303,45"
2020-01-05 00:00:00,"316,04"
2020-01-05 01:00:00,"308,25"
2020-01-05 02:00:00,"305,39"
2020-01-05 03:00:00,"298,29"
2020-01-05 04:00:00,"295,53"
2020-01-05 05:00:00,"294,83"
2020-01-05 06:00:00,"299,67"
2020-01-05 07:00:00,"299,27"
2020-01-05 08:00:00,"306,38"
2020-01-05 09:00:00,"307,56"
2020-01-05 10:00:00,"311,70"
2020-01-05 11:00:00,"311,21"
2020-01-05 12:00:00,"307,95"
2020-01-05 13:00:00,"305,09"
2020-01-05 14:00:00,"302,53"
2020-01-05 15:00:00,"303,71"
2020-01-05 16:00:00,"307,36"
2020-01-05 17:00:00,"311,01"
2020-01-05 18:00:00,"306,77"
2020-01-05 19:00:00,"300,06"
2020-01-05 20:00:00,"294,64"
2020-01-05 21:00:00,"292,07"
2020-01-05 22:00:00,"290,59"
2020-01-05 23:00:00,"291,19"
2020-01-06 00:00:00,"287,63"
2020-01-06 01:00:00,"286,75"
2020-01-06 02:00:00,"286,85"
2020-01-06 03:00:00,"282,70"
2020-01-06 04:00:00,"286,85"
2020-01-06 05:00:00,"292,47"
2020-01-06 06:00:00,"302,92"
2020-01-06 07:00:00,"304,99"
2020-01-06 08:00:00,"304,80"
2020-01-06 09:00:00,"304,60"
2020-01-06 10:00:00,"306,97"
2020-01-06 11:00:00,"308,05"
2020-01-06 12:00:00,"307,66"
2020-01-06 13:00:00,"306,57"
2020-01-06 14:00:00,"307,86"
2020-01-06 15:00:00,"308,74"
2020-01-06 16:00:00,"313,28"
2020-01-06 17:00:00,"313,08"
2020-01-06 18:00:00,"308,84"
2020-01-06 19:00:00,"305,29"
2020-01-06 20:00:00,"301,64"
2020-01-06 21:00:00,"298,68"
2020-01-06 22:00:00,"290,59"
2020-01-06 23:00:00,"286,75"
2020-01-07 00:00:00,"278,61"
2020-01-07 01:00:00,"279,20"
2020-01-07 02:00:00,"280,48"
2020-01-07 03:00:00,"276,94"
2020-01-07 04:00:00,"282,75"
2020-01-07 05:00:00,"290,24"
2020-01-07 06:00:00,"295,16"
2020-01-07 07:00:00,"305,01"
2020-01-07 08:00:00,"306,89"
2020-01-07 09:00:00,"304,92"
2020-01-07 10:00:00,"302,45"
2020-01-07 11:00:00,"301,17"
2020-01-07 12:00:00,"300,29"
2020-01-07 13:00:00,"300,38"
2020-01-07 14:00:00,"300,48"
2020-01-07 15:00:00,"303,83"
2020-01-07 16:00:00,"302,55"
2020-01-07 17:00:00,"300,88"
2020-01-07 18:00:00,"297,33"
2020-01-07 19:00:00,"290,24"
2020-01-07 20:00:00,"282,06"
2020-01-07 21:00:00,"275,66"
2020-01-07 22:00:00,"270,04"
2020-01-07 23:00:00,"272,01"
2020-01-08 00:00:00,"240,77"
2020-01-08 01:00:00,"244,31"
2020-01-08 02:00:00,"221,48"
2020-01-08 03:00:00,"201,00"
2020-01-08 04:00:00,"196,97"
2020-01-08 05:00:00,"226,40"
2020-01-08 06:00:00,"257,90"
2020-01-08 07:00:00,"265,67"
2020-01-08 08:00:00,"269,12"
2020-01-08 09:00:00,"274,83"
2020-01-08 10:00:00,"275,91"
2020-01-08 11:00:00,"275,81"
2020-01-08 12:00:00,"275,62"
2020-01-08 13:00:00,"275,42"
2020-01-08 14:00:00,"276,21"
2020-01-08 15:00:00,"279,95"
2020-01-08 16:00:00,"284,28"
2020-01-08 17:00:00,"285,66"
2020-01-08 18:00:00,"284,97"
2020-01-08 19:00:00,"282,70"
2020-01-08 20:00:00,"281,52"
2020-01-08 21:00:00,"280,64"
2020-01-08 22:00:00,"277,29"
2020-01-08 23:00:00,"274,93"
2020-01-09 00:00:00,"248,53"
2020-01-09 01:00:00,"249,81"
2020-01-09 02:00:00,"252,87"
2020-01-09 03:00:00,"253,56"
2020-01-09 04:00:00,"255,63"
2020-01-09 05:00:00,"258,69"
2020-01-09 06:00:00,"262,24"
2020-01-09 07:00:00,"273,08"
2020-01-09 08:00:00,"278,50"
2020-01-09 09:00:00,"279,09"
2020-01-09 10:00:00,"279,98"
2020-01-09 11:00:00,"279,69"
2020-01-09 12:00:00,"278,90"
2020-01-09 13:00:00,"279,69"
2020-01-09 14:00:00,"280,97"
2020-01-09 15:00:00,"283,53"
2020-01-09 16:00:00,"285,70"
2020-01-09 17:00:00,"285,01"
2020-01-09 18:00:00,"283,04"
2020-01-09 19:00:00,"279,29"
2020-01-09 20:00:00,"272,49"
2020-01-09 21:00:00,"271,60"
2020-01-09 22:00:00,"265,19"
2020-01-09 23:00:00,"260,36"
2020-01-10 00:00:00,"257,40"
2020-01-10 01:00:00,"256,81"
2020-01-10 02:00:00,"254,83"
2020-01-10 03:00:00,"255,62"
2020-01-10 04:00:00,"258,68"
2020-01-10 05:00:00,"266,09"
2020-01-10 06:00:00,"278,92"
2020-01-10 07:00:00,"291,17"
2020-01-10 08:00:00,"294,92"
2020-01-10 09:00:00,"294,13"
2020-01-10 10:00:00,"293,04"
2020-01-10 11:00:00,"290,97"
2020-01-10 12:00:00,"282,77"
2020-01-10 13:00:00,"280,90"
2020-01-10 14:00:00,"278,73"
2020-01-10 15:00:00,"284,85"
2020-01-10 16:00:00,"297,09"
2020-01-10 17:00:00,"295,12"
2020-01-10 18:00:00,"291,17"
2020-01-10 19:00:00,"287,32"
2020-01-10 20:00:00,"272,51"
2020-01-10 21:00:00,"267,08"
2020-01-10 22:00:00,"260,86"
2020-01-10 23:00:00,"257,40"
2020-01-11 00:00:00,"261,65"
2020-01-11 01:00:00,"259,38"
2020-01-11 02:00:00,"257,90"
2020-01-11 03:00:00,"253,96"
2020-01-11 04:00:00,"250,61"
2020-01-11 05:00:00,"249,72"
2020-01-11 06:00:00,"251,10"
2020-01-11 07:00:00,"250,61"
2020-01-11 08:00:00,"253,17"
2020-01-11 09:00:00,"255,73"
2020-01-11 10:00:00,"254,95"
2020-01-11 11:00:00,"251,89"
2020-01-11 12:00:00,"248,44"
2020-01-11 13:00:00,"246,66"
2020-01-11 14:00:00,"245,28"
2020-01-11 15:00:00,"248,24"
2020-01-11 16:00:00,"251,99"
2020-01-11 17:00:00,"252,97"
2020-01-11 18:00:00,"250,70"
2020-01-11 19:00:00,"244,39"
2020-01-11 20:00:00,"237,78"
2020-01-11 21:00:00,"234,73"
2020-01-11 22:00:00,"231,47"
2020-01-11 23:00:00,"230,59"
2020-01-12 00:00:00,"231,60"
2020-01-12 01:00:00,"227,74"
2020-01-12 02:00:00,"231,11"
2020-01-12 03:00:00,"227,35"
2020-01-12 04:00:00,"223,10"
2020-01-12 05:00:00,"225,67"
2020-01-12 06:00:00,"234,57"
2020-01-12 07:00:00,"237,14"
2020-01-12 08:00:00,"240,01"
2020-01-12 09:00:00,"244,75"
2020-01-12 10:00:00,"246,93"
2020-01-12 11:00:00,"247,42"
2020-01-12 12:00:00,"247,52"
2020-01-12 13:00:00,"246,83"
2020-01-12 14:00:00,"246,93"
2020-01-12 15:00:00,"249,90"
2020-01-12 16:00:00,"254,05"
2020-01-12 17:00:00,"262,06"
2020-01-12 18:00:00,"263,74"
2020-01-12 19:00:00,"258,70"
2020-01-12 20:00:00,"253,36"
2020-01-12 21:00:00,"252,47"
2020-01-12 22:00:00,"251,97"
2020-01-12 23:00:00,"246,63"
2020-01-13 00:00:00,"246,43"
2020-01-13 01:00:00,"242,68"
2020-01-13 02:00:00,"243,86"
2020-01-13 03:00:00,"245,74"
2020-01-13 04:00:00,"250,49"
2020-01-13 05:00:00,"258,70"
2020-01-13 06:00:00,"274,91"
2020-01-13 07:00:00,"280,85"
2020-01-13 08:00:00,"289,65"
2020-01-13 09:00:00,"285,69"
2020-01-13 10:00:00,"282,73"
2020-01-13 11:00:00,"280,35"
2020-01-13 12:00:00,"278,97"
2020-01-13 13:00:00,"277,58"
2020-01-13 14:00:00,"277,58"
2020-01-13 15:00:00,"279,27"
2020-01-13 16:00:00,"280,95"
2020-01-13 17:00:00,"279,96"
2020-01-13 18:00:00,"276,69"
2020-01-13 19:00:00,"270,86"
2020-01-13 20:00:00,"261,86"
2020-01-13 21:00:00,"257,51"
2020-01-13 22:00:00,"250,59"
2020-01-13 23:00:00,"231,40"
2020-01-14 00:00:00,"229,29"
2020-01-14 01:00:00,"211,16"
2020-01-14 02:00:00,"202,54"
2020-01-14 03:00:00,"204,33"
2020-01-14 04:00:00,"212,75"
2020-01-14 05:00:00,"218,69"
2020-01-14 06:00:00,"243,95"
2020-01-14 07:00:00,"253,06"
2020-01-14 08:00:00,"255,93"
2020-01-14 09:00:00,"255,43"
2020-01-14 10:00:00,"254,94"
2020-01-14 11:00:00,"253,85"
2020-01-14 12:00:00,"252,66"
2020-01-14 13:00:00,"253,55"
2020-01-14 14:00:00,"255,14"
2020-01-14 15:00:00,"259,50"
2020-01-14 16:00:00,"262,96"
2020-01-14 17:00:00,"266,23"
2020-01-14 18:00:00,"261,97"
2020-01-14 19:00:00,"256,52"
2020-01-14 20:00:00,"248,80"
2020-01-14 21:00:00,"240,97"
2020-01-14 22:00:00,"237,11"
2020-01-14 23:00:00,"233,05"
2020-01-15 00:00:00,"233,47"
2020-01-15 01:00:00,"228,62"
2020-01-15 02:00:00,"221,30"
2020-01-15 03:00:00,"216,56"
2020-01-15 04:00:00,"219,92"
2020-01-15 05:00:00,"225,06"
2020-01-15 06:00:00,"241,19"
2020-01-15 07:00:00,"248,31"
2020-01-15 08:00:00,"252,07"
2020-01-15 09:00:00,"252,37"
2020-01-15 10:00:00,"250,69"
2020-01-15 11:00:00,"247,12"
2020-01-15 12:00:00,"247,82"
2020-01-15 13:00:00,"248,51"
2020-01-15 14:00:00,"249,70"
2020-01-15 15:00:00,"256,62"
2020-01-15 16:00:00,"263,45"
2020-01-15 17:00:00,"266,02"
2020-01-15 18:00:00,"261,37"
2020-01-15 19:00:00,"254,25"
2020-01-15 20:00:00,"248,61"
2020-01-15 21:00:00,"245,84"
2020-01-15 22:00:00,"237,13"
2020-01-15 23:00:00,"231,79"
2020-01-16 00:00:00,"227,48"
2020-01-16 01:00:00,"225,60"
2020-01-16 02:00:00,"223,52"
2020-01-16 03:00:00,"223,33"
2020-01-16 04:00:00,"227,48"
2020-01-16 05:00:00,"234,70"
2020-01-16 06:00:00,"242,13"
2020-01-16 07:00:00,"247,37"
2020-01-16 08:00:00,"251,13"
2020-01-16 09:00:00,"250,64"
2020-01-16 10:00:00,"250,04"
2020-01-16 11:00:00,"249,15"
2020-01-16 12:00:00,"248,06"
2020-01-16 13:00:00,"248,26"
2020-01-16 14:00:00,"249,15"
2020-01-16 15:00:00,"250,93"
2020-01-16 16:00:00,"255,88"
2020-01-16 17:00:00,"256,97"
2020-01-16 18:00:00,"253,21"
2020-01-16 19:00:00,"248,76"
2020-01-16 20:00:00,"244,80"
2020-01-16 21:00:00,"242,52"
2020-01-16 22:00:00,"237,87"
2020-01-16 23:00:00,"228,87"
2020-01-17 00:00:00,"226,79"
2020-01-17 01:00:00,"223,72"
2020-01-17 02:00:00,"219,57"
2020-01-17 03:00:00,"221,55"
2020-01-17 04:00:00,"230,16"
2020-01-17 05:00:00,"233,62"
2020-01-17 06:00:00,"239,95"
2020-01-17 07:00:00,"245,00"
2020-01-17 08:00:00,"247,77"
2020-01-17 09:00:00,"247,77"
2020-01-17 10:00:00,"248,26"
2020-01-17 11:00:00,"248,36"
2020-01-17 12:00:00,"248,26"
2020-01-17 13:00:00,"248,36"
2020-01-17 14:00:00,"248,46"
2020-01-17 15:00:00,"249,65"
2020-01-17 16:00:00,"253,51"
2020-01-17 17:00:00,"254,00"
2020-01-17 18:00:00,"252,32"
2020-01-17 19:00:00,"249,05"
2020-01-17 20:00:00,"245,39"
2020-01-17 21:00:00,"244,40"
2020-01-17 22:00:00,"242,23"
2020-01-17 23:00:00,"238,07"
2020-01-18 00:00:00,"225,23"
2020-01-18 01:00:00,"227,81"
2020-01-18 02:00:00,"220,09"
2020-01-18 03:00:00,"223,75"
2020-01-18 04:00:00,"223,35"
2020-01-18 05:00:00,"222,76"
2020-01-18 06:00:00,"220,78"
2020-01-18 07:00:00,"225,04"
2020-01-18 08:00:00,"229,39"
2020-01-18 09:00:00,"233,35"
2020-01-18 10:00:00,"236,02"
2020-01-18 11:00:00,"235,13"
2020-01-18 12:00:00,"233,74"
2020-01-18 13:00:00,"232,26"
2020-01-18 14:00:00,"232,75"
2020-01-18 15:00:00,"235,92"
2020-01-18 16:00:00,"238,20"
2020-01-18 17:00:00,"240,87"
2020-01-18 18:00:00,"238,79"
2020-01-18 19:00:00,"235,72"
2020-01-18 20:00:00,"231,47"
2020-01-18 21:00:00,"228,99"
2020-01-18 22:00:00,"228,89"
2020-01-18 23:00:00,"224,24"
2020-01-19 00:00:00,"220,06"
2020-01-19 01:00:00,"216,31"
2020-01-19 02:00:00,"214,13"
2020-01-19 03:00:00,"212,55"
2020-01-19 04:00:00,"213,34"
2020-01-19 05:00:00,"216,21"
2020-01-19 06:00:00,"218,68"
2020-01-19 07:00:00,"218,18"
2020-01-19 08:00:00,"220,95"
2020-01-19 09:00:00,"223,61"
2020-01-19 10:00:00,"227,17"
2020-01-19 11:00:00,"227,86"
2020-01-19 12:00:00,"227,66"
2020-01-19 13:00:00,"227,56"
2020-01-19 14:00:00,"226,18"
2020-01-19 15:00:00,"229,93"
2020-01-19 16:00:00,"235,66"
2020-01-19 17:00:00,"237,93"
2020-01-19 18:00:00,"237,43"
2020-01-19 19:00:00,"236,15"
2020-01-19 20:00:00,"232,99"
2020-01-19 21:00:00,"233,68"
2020-01-19 22:00:00,"231,61"
2020-01-19 23:00:00,"228,05"
2020-01-20 00:00:00,"225,49"
2020-01-20 01:00:00,"222,43"
2020-01-20 02:00:00,"221,14"
2020-01-20 03:00:00,"219,96"
2020-01-20 04:00:00,"223,91"
2020-01-20 05:00:00,"227,36"
2020-01-20 06:00:00,"224,99"
2020-01-20 07:00:00,"234,87"
2020-01-20 08:00:00,"236,45"
2020-01-20 09:00:00,"236,05"
2020-01-20 10:00:00,"234,57"
2020-01-20 11:00:00,"235,76"
2020-01-20 12:00:00,"232,40"
2020-01-20 13:00:00,"231,71"
2020-01-20 14:00:00,"231,02"
2020-01-20 15:00:00,"231,12"
2020-01-20 16:00:00,"233,98"
2020-01-20 17:00:00,"234,57"
2020-01-20 18:00:00,"231,12"
2020-01-20 19:00:00,"226,18"
2020-01-20 20:00:00,"218,38"
2020-01-20 21:00:00,"213,64"
2020-01-20 22:00:00,"203,77"
2020-01-20 23:00:00,"199,42"
2020-01-21 00:00:00,"187,71"
2020-01-21 01:00:00,"189,69"
2020-01-21 02:00:00,"187,81"
2020-01-21 03:00:00,"187,81"
2020-01-21 04:00:00,"191,76"
2020-01-21 05:00:00,"194,33"
2020-01-21 06:00:00,"205,40"
2020-01-21 07:00:00,"214,50"
2020-01-21 08:00:00,"217,96"
2020-01-21 09:00:00,"217,16"
2020-01-21 10:00:00,"216,87"
2020-01-21 11:00:00,"216,28"
2020-01-21 12:00:00,"217,36"
2020-01-21 13:00:00,"217,16"
2020-01-21 14:00:00,"217,46"
2020-01-21 15:00:00,"218,65"
2020-01-21 16:00:00,"224,58"
2020-01-21 17:00:00,"228,43"
2020-01-21 18:00:00,"225,76"
2020-01-21 19:00:00,"217,46"
2020-01-21 20:00:00,"208,96"
2020-01-21 21:00:00,"206,49"
2020-01-21 22:00:00,"200,16"
2020-01-21 23:00:00,"189,69"
2020-01-22 00:00:00,"199,05"
2020-01-22 01:00:00,"197,36"
2020-01-22 02:00:00,"194,29"
2020-01-22 03:00:00,"193,19"
2020-01-22 04:00:00,"192,99"
2020-01-22 05:00:00,"198,56"
2020-01-22 06:00:00,"204,52"
2020-01-22 07:00:00,"212,76"
2020-01-22 08:00:00,"215,24"
2020-01-22 09:00:00,"215,64"
2020-01-22 10:00:00,"216,73"
2020-01-22 11:00:00,"215,74"
2020-01-22 12:00:00,"215,64"
2020-01-22 13:00:00,"215,94"
2020-01-22 14:00:00,"217,93"
2020-01-22 15:00:00,"223,19"
2020-01-22 16:00:00,"236,60"
2020-01-22 17:00:00,"247,13"
2020-01-22 18:00:00,"242,16"
2020-01-22 19:00:00,"239,88"
2020-01-22 20:00:00,"227,36"
2020-01-22 21:00:00,"226,17"
2020-01-22 22:00:00,"215,64"
2020-01-22 23:00:00,"212,26"
2020-01-23 00:00:00,"206,50"
2020-01-23 01:00:00,"204,61"
2020-01-23 02:00:00,"203,41"
2020-01-23 03:00:00,"203,61"
2020-01-23 04:00:00,"207,69"
2020-01-23 05:00:00,"207,69"
2020-01-23 06:00:00,"210,67"
2020-01-23 07:00:00,"227,48"
2020-01-23 08:00:00,"237,03"
2020-01-23 09:00:00,"225,79"
2020-01-23 10:00:00,"217,93"
2020-01-23 11:00:00,"209,18"
2020-01-23 12:00:00,"206,20"
2020-01-23 13:00:00,"204,61"
2020-01-23 14:00:00,"204,80"
2020-01-23 15:00:00,"204,41"
2020-01-23 16:00:00,"208,19"
2020-01-23 17:00:00,"208,88"
2020-01-23 18:00:00,"204,90"
2020-01-23 19:00:00,"203,01"
2020-01-23 20:00:00,"199,33"
2020-01-23 21:00:00,"196,85"
2020-01-23 22:00:00,"183,72"
2020-01-23 23:00:00,"168,50"
2020-01-24 00:00:00,"176,85"
2020-01-24 01:00:00,"176,45"
2020-01-24 02:00:00,"173,96"
2020-01-24 03:00:00,"174,65"
2020-01-24 04:00:00,"178,94"
2020-01-24 05:00:00,"189,70"
2020-01-24 06:00:00,"198,57"
2020-01-24 07:00:00,"208,33"
2020-01-24 08:00:00,"213,61"
2020-01-24 09:00:00,"213,21"
2020-01-24 10:00:00,"213,21"
2020-01-24 11:00:00,"210,32"
2020-01-24 12:00:00,"207,93"
2020-01-24 13:00:00,"206,74"
2020-01-24 14:00:00,"205,14"
2020-01-24 15:00:00,"205,54"
2020-01-24 16:00:00,"210,72"
2020-01-24 17:00:00,"217,40"
2020-01-24 18:00:00,"213,81"
2020-01-24 19:00:00,"208,03"
2020-01-24 20:00:00,"199,76"
2020-01-24 21:00:00,"195,08"
2020-01-24 22:00:00,"190,50"
2020-01-24 23:00:00,"185,32"
2020-01-25 00:00:00,"191,81"
2020-01-25 01:00:00,"191,81"
2020-01-25 02:00:00,"191,51"
2020-01-25 03:00:00,"191,71"
2020-01-25 04:00:00,"193,40"
2020-01-25 05:00:00,"196,67"
2020-01-25 06:00:00,"199,36"
2020-01-25 07:00:00,"201,14"
2020-01-25 08:00:00,"205,81"
2020-01-25 09:00:00,"207,50"
2020-01-25 10:00:00,"208,39"
2020-01-25 11:00:00,"210,88"
2020-01-25 12:00:00,"210,98"
2020-01-25 13:00:00,"208,89"
2020-01-25 14:00:00,"208,59"
2020-01-25 15:00:00,"209,98"
2020-01-25 16:00:00,"214,06"
2020-01-25 17:00:00,"215,55"
2020-01-25 18:00:00,"214,06"
2020-01-25 19:00:00,"208,49"
2020-01-25 20:00:00,"206,51"
2020-01-25 21:00:00,"204,12"
2020-01-25 22:00:00,"202,24"
2020-01-25 23:00:00,"198,36"
2020-01-26 00:00:00,"192,77"
2020-01-26 01:00:00,"189,97"
2020-01-26 02:00:00,"186,56"
2020-01-26 03:00:00,"184,05"
2020-01-26 04:00:00,"188,56"
2020-01-26 05:00:00,"187,76"
2020-01-26 06:00:00,"188,96"
2020-01-26 07:00:00,"192,77"
2020-01-26 08:00:00,"195,98"
2020-01-26 09:00:00,"200,10"
2020-01-26 10:00:00,"203,41"
2020-01-26 11:00:00,"204,41"
2020-01-26 12:00:00,"204,61"
2020-01-26 13:00:00,"205,01"
2020-01-26 14:00:00,"205,81"
2020-01-26 15:00:00,"208,62"
2020-01-26 16:00:00,"212,23"
2020-01-26 17:00:00,"213,94"
2020-01-26 18:00:00,"213,14"
2020-01-26 19:00:00,"211,03"
2020-01-26 20:00:00,"207,22"
2020-01-26 21:00:00,"203,51"
2020-01-26 22:00:00,"201,30"
2020-01-26 23:00:00,"198,99"
2020-01-27 00:00:00,"195,98"
2020-01-27 01:00:00,"194,18"
2020-01-27 02:00:00,"193,08"
2020-01-27 03:00:00,"194,08"
2020-01-27 04:00:00,"198,19"
2020-01-27 05:00:00,"201,10"
2020-01-27 06:00:00,"207,72"
2020-01-27 07:00:00,"212,23"
2020-01-27 08:00:00,"213,74"
2020-01-27 09:00:00,"213,54"
2020-01-27 10:00:00,"213,74"
2020-01-27 11:00:00,"213,64"
2020-01-27 12:00:00,"213,74"
2020-01-27 13:00:00,"213,74"
2020-01-27 14:00:00,"214,44"
2020-01-27 15:00:00,"214,94"
2020-01-27 16:00:00,"215,44"
2020-01-27 17:00:00,"215,44"
2020-01-27 18:00:00,"215,24"
2020-01-27 19:00:00,"215,04"
2020-01-27 20:00:00,"212,13"
2020-01-27 21:00:00,"211,13"
2020-01-27 22:00:00,"207,02"
2020-01-27 23:00:00,"203,61"
2020-01-28 00:00:00,"201,85"
2020-01-28 01:00:00,"201,55"
2020-01-28 02:00:00,"201,55"
2020-01-28 03:00:00,"202,05"
2020-01-28 04:00:00,"204,16"
2020-01-28 05:00:00,"206,56"
2020-01-28 06:00:00,"212,68"
2020-01-28 07:00:00,"215,39"
2020-01-28 08:00:00,"216,59"
2020-01-28 09:00:00,"216,29"
2020-01-28 10:00:00,"215,49"
2020-01-28 11:00:00,"214,89"
2020-01-28 12:00:00,"214,78"
2020-01-28 13:00:00,"214,68"
2020-01-28 14:00:00,"214,78"
2020-01-28 15:00:00,"215,09"
2020-01-28 16:00:00,"215,89"
2020-01-28 17:00:00,"219,90"
2020-01-28 18:00:00,"217,69"
2020-01-28 19:00:00,"215,89"
2020-01-28 20:00:00,"215,09"
2020-01-28 21:00:00,"211,58"
2020-01-28 22:00:00,"205,46"
2020-01-28 23:00:00,"201,35"
2020-01-29 00:00:00,"201,53"
2020-01-29 01:00:00,"197,79"
2020-01-29 02:00:00,"193,55"
2020-01-29 03:00:00,"198,09"
2020-01-29 04:00:00,"201,73"
2020-01-29 05:00:00,"204,96"
2020-01-29 06:00:00,"212,23"
2020-01-29 07:00:00,"217,39"
2020-01-29 08:00:00,"221,12"
2020-01-29 09:00:00,"219,71"
2020-01-29 10:00:00,"219,41"
2020-01-29 11:00:00,"219,10"
2020-01-29 12:00:00,"217,08"
2020-01-29 13:00:00,"216,58"
2020-01-29 14:00:00,"216,48"
2020-01-29 15:00:00,"216,98"
2020-01-29 16:00:00,"220,42"
2020-01-29 17:00:00,"223,35"
2020-01-29 18:00:00,"220,82"
2020-01-29 19:00:00,"218,09"
2020-01-29 20:00:00,"215,16"
2020-01-29 21:00:00,"213,24"
2020-01-29 22:00:00,"208,19"
2020-01-29 23:00:00,"202,34"
2020-01-30 00:00:00,"198,74"
2020-01-30 01:00:00,"197,64"
2020-01-30 02:00:00,"197,84"
2020-01-30 03:00:00,"198,64"
2020-01-30 04:00:00,"200,15"
2020-01-30 05:00:00,"207,19"
2020-01-30 06:00:00,"212,92"
2020-01-30 07:00:00,"219,85"
2020-01-30 08:00:00,"221,16"
2020-01-30 09:00:00,"220,86"
2020-01-30 10:00:00,"221,06"
2020-01-30 11:00:00,"219,95"
2020-01-30 12:00:00,"220,05"
2020-01-30 13:00:00,"218,45"
2020-01-30 14:00:00,"218,04"
2020-01-30 15:00:00,"216,74"
2020-01-30 16:00:00,"217,54"
2020-01-30 17:00:00,"217,34"
2020-01-30 18:00:00,"215,93"
2020-01-30 19:00:00,"214,52"
2020-01-30 20:00:00,"211,31"
2020-01-30 21:00:00,"208,49"
2020-01-30 22:00:00,"203,77"
2020-01-30 23:00:00,"196,63"
2020-01-31 00:00:00,"177,50"
2020-01-31 01:00:00,"172,11"
2020-01-31 02:00:00,"169,78"
2020-01-31 03:00:00,"168,96"
2020-01-31 04:00:00,"170,18"
2020-01-31 05:00:00,"181,16"
2020-01-31 06:00:00,"195,28"
2020-01-31 07:00:00,"200,56"
2020-01-31 08:00:00,"201,78"
2020-01-31 09:00:00,"201,88"
2020-01-31 10:00:00,"202,29"
2020-01-31 11:00:00,"201,27"
2020-01-31 12:00:00,"199,95"
2020-01-31 13:00:00,"199,24"
2020-01-31 14:00:00,"198,63"
2020-01-31 15:00:00,"198,63"
2020-01-31 16:00:00,"201,38"
2020-01-31 17:00:00,"202,80"
2020-01-31 18:00:00,"201,38"
2020-01-31 19:00:00,"198,94"
2020-01-31 20:00:00,"193,96"
2020-01-31 21:00:00,"190,10"
2020-01-31 22:00:00,"185,93"
2020-01-31 23:00:00,"173,64"
2020-02-01 00:00:00,"163,42"
2020-02-01 01:00:00,"163,93"
2020-02-01 02:00:00,"163,32"
2020-02-01 03:00:00,"163,22"
2020-02-01 04:00:00,"160,37"
2020-02-01 05:00:00,"163,01"
2020-02-01 06:00:00,"163,73"
2020-02-01 07:00:00,"163,01"
2020-02-01 08:00:00,"163,62"
2020-02-01 09:00:00,"165,86"
2020-02-01 10:00:00,"166,58"
2020-02-01 11:00:00,"165,97"
2020-02-01 12:00:00,"164,74"
2020-02-01 13:00:00,"163,83"
2020-02-01 14:00:00,"163,42"
2020-02-01 15:00:00,"163,73"
2020-02-01 16:00:00,"165,97"
2020-02-01 17:00:00,"170,96"
2020-02-01 18:00:00,"172,79"
2020-02-01 19:00:00,"164,74"
2020-02-01 20:00:00,"163,32"
2020-02-01 21:00:00,"163,62"
2020-02-01 22:00:00,"163,12"
2020-02-01 23:00:00,"162,10"
2020-02-02 00:00:00,"162,09"
2020-02-02 01:00:00,"157,29"
2020-02-02 02:00:00,"156,98"
2020-02-02 03:00:00,"163,62"
2020-02-02 04:00:00,"164,23"
2020-02-02 05:00:00,"164,85"
2020-02-02 06:00:00,"166,48"
2020-02-02 07:00:00,"165,87"
2020-02-02 08:00:00,"166,17"
2020-02-02 09:00:00,"171,48"
2020-02-02 10:00:00,"173,73"
2020-02-02 11:00:00,"173,73"
2020-02-02 12:00:00,"173,22"
2020-02-02 13:00:00,"173,02"
2020-02-02 14:00:00,"173,53"
2020-02-02 15:00:00,"177,82"
2020-02-02 16:00:00,"183,84"
2020-02-02 17:00:00,"193,14"
2020-02-02 18:00:00,"192,63"
2020-02-02 19:00:00,"188,13"
2020-02-02 20:00:00,"182,11"
2020-02-02 21:00:00,"181,09"
2020-02-02 22:00:00,"179,45"
2020-02-02 23:00:00,"173,22"
2020-02-03 00:00:00,"167,91"
2020-02-03 01:00:00,"164,03"
2020-02-03 02:00:00,"156,78"
2020-02-03 03:00:00,"156,78"
2020-02-03 04:00:00,"166,58"
2020-02-03 05:00:00,"179,55"
2020-02-03 06:00:00,"199,06"
2020-02-03 07:00:00,"205,19"
2020-02-03 08:00:00,"208,05"
2020-02-03 09:00:00,"206,01"
2020-02-03 10:00:00,"203,96"
2020-02-03 11:00:00,"200,90"
2020-02-03 12:00:00,"198,96"
2020-02-03 13:00:00,"198,04"
2020-02-03 14:00:00,"198,04"
2020-02-03 15:00:00,"199,88"
2020-02-03 16:00:00,"201,72"
2020-02-03 17:00:00,"203,15"
2020-02-03 18:00:00,"202,43"
2020-02-03 19:00:00,"201,21"
2020-02-03 20:00:00,"199,67"
2020-02-03 21:00:00,"196,81"
2020-02-03 22:00:00,"191,20"
2020-02-03 23:00:00,"183,64"
2020-02-04 00:00:00,"181,66"
2020-02-04 01:00:00,"175,81"
2020-02-04 02:00:00,"169,44"
2020-02-04 03:00:00,"164,93"
2020-02-04 04:00:00,"172,11"
2020-02-04 05:00:00,"182,27"
2020-02-04 06:00:00,"198,28"
2020-02-04 07:00:00,"203,00"
2020-02-04 08:00:00,"209,78"
2020-02-04 09:00:00,"207,01"
2020-02-04 10:00:00,"204,75"
2020-02-04 11:00:00,"201,46"
2020-02-04 12:00:00,"199,62"
2020-02-04 13:00:00,"198,80"
2020-02-04 14:00:00,"198,69"
2020-02-04 15:00:00,"199,72"
2020-02-04 16:00:00,"202,18"
2020-02-04 17:00:00,"202,90"
2020-02-04 18:00:00,"201,05"
2020-02-04 19:00:00,"199,62"
2020-02-04 20:00:00,"198,39"
2020-02-04 21:00:00,"196,23"
2020-02-04 22:00:00,"190,79"
2020-02-04 23:00:00,"183,30"
2020-02-05 00:00:00,"166,31"
2020-02-05 01:00:00,"164,16"
2020-02-05 02:00:00,"163,65"
2020-02-05 03:00:00,"164,47"
2020-02-05 04:00:00,"168,96"
2020-02-05 05:00:00,"172,74"
2020-02-05 06:00:00,"183,25"
2020-02-05 07:00:00,"188,36"
2020-02-05 08:00:00,"190,09"
2020-02-05 09:00:00,"188,36"
2020-02-05 10:00:00,"186,62"
2020-02-05 11:00:00,"183,25"
2020-02-05 12:00:00,"180,70"
2020-02-05 13:00:00,"178,76"
2020-02-05 14:00:00,"177,43"
2020-02-05 15:00:00,"177,03"
2020-02-05 16:00:00,"178,66"
2020-02-05 17:00:00,"179,78"
2020-02-05 18:00:00,"177,94"
2020-02-05 19:00:00,"174,27"
2020-02-05 20:00:00,"168,45"
2020-02-05 21:00:00,"166,10"
2020-02-05 22:00:00,"160,69"
2020-02-05 23:00:00,"152,73"
2020-02-06 00:00:00,"149,18"
2020-02-06 01:00:00,"148,07"
2020-02-06 02:00:00,"147,25"
2020-02-06 03:00:00,"149,08"
2020-02-06 04:00:00,"153,44"
2020-02-06 05:00:00,"161,05"
2020-02-06 06:00:00,"167,13"
2020-02-06 07:00:00,"172,61"
2020-02-06 08:00:00,"174,23"
2020-02-06 09:00:00,"173,01"
2020-02-06 10:00:00,"172,00"
2020-02-06 11:00:00,"171,19"
2020-02-06 12:00:00,"170,58"
2020-02-06 13:00:00,"170,38"
2020-02-06 14:00:00,"170,68"
2020-02-06 15:00:00,"171,09"
2020-02-06 16:00:00,"172,00"
2020-02-06 17:00:00,"172,91"
2020-02-06 18:00:00,"172,61"
2020-02-06 19:00:00,"172,00"
2020-02-06 20:00:00,"170,88"
2020-02-06 21:00:00,"170,88"
2020-02-06 22:00:00,"169,06"
2020-02-06 23:00:00,"167,54"
2020-02-07 00:00:00,"163,12"
2020-02-07 01:00:00,"162,62"
2020-02-07 02:00:00,"162,21"
2020-02-07 03:00:00,"161,91"
2020-02-07 04:00:00,"162,41"
2020-02-07 05:00:00,"164,14"
2020-02-07 06:00:00,"166,47"
2020-02-07 07:00:00,"171,24"
2020-02-07 08:00:00,"171,24"
2020-02-07 09:00:00,"171,04"
2020-02-07 10:00:00,"169,92"
2020-02-07 11:00:00,"168,50"
2020-02-07 12:00:00,"166,78"
2020-02-07 13:00:00,"166,27"
2020-02-07 14:00:00,"165,66"
2020-02-07 15:00:00,"164,85"
2020-02-07 16:00:00,"165,56"
2020-02-07 17:00:00,"165,86"
2020-02-07 18:00:00,"163,83"
2020-02-07 19:00:00,"162,51"
2020-02-07 20:00:00,"158,66"
2020-02-07 21:00:00,"156,43"
2020-02-07 22:00:00,"151,36"
2020-02-07 23:00:00,"148,82"
2020-02-08 00:00:00,"140,67"
2020-02-08 01:00:00,"138,74"
2020-02-08 02:00:00,"136,00"
2020-02-08 03:00:00,"134,07"
2020-02-08 04:00:00,"133,16"
2020-02-08 05:00:00,"132,65"
2020-02-08 06:00:00,"133,46"
2020-02-08 07:00:00,"135,19"
2020-02-08 08:00:00,"138,95"
2020-02-08 09:00:00,"141,48"
2020-02-08 10:00:00,"142,40"
2020-02-08 11:00:00,"142,80"
2020-02-08 12:00:00,"141,99"
2020-02-08 13:00:00,"141,38"
2020-02-08 14:00:00,"141,79"
2020-02-08 15:00:00,"142,80"
2020-02-08 16:00:00,"146,16"
2020-02-08 17:00:00,"148,59"
2020-02-08 18:00:00,"147,07"
2020-02-08 19:00:00,"143,62"
2020-02-08 20:00:00,"138,13"
2020-02-08 21:00:00,"135,69"
2020-02-08 22:00:00,"131,84"
2020-02-08 23:00:00,"123,41"
2020-02-09 00:00:00,"129,60"
2020-02-09 01:00:00,"125,55"
2020-02-09 02:00:00,"121,30"
2020-02-09 03:00:00,"99,45"
2020-02-09 04:00:00,"98,03"
2020-02-09 05:00:00,"98,54"
2020-02-09 06:00:00,"99,14"
2020-02-09 07:00:00,"105,72"
2020-02-09 08:00:00,"109,97"
2020-02-09 09:00:00,"116,44"
2020-02-09 10:00:00,"119,28"
2020-02-09 11:00:00,"120,09"
2020-02-09 12:00:00,"120,09"
2020-02-09 13:00:00,"119,48"
2020-02-09 14:00:00,"119,88"
2020-02-09 15:00:00,"120,69"
2020-02-09 16:00:00,"121,71"
2020-02-09 17:00:00,"122,21"
2020-02-09 18:00:00,"121,30"
2020-02-09 19:00:00,"120,29"
2020-02-09 20:00:00,"117,46"
2020-02-09 21:00:00,"115,13"
2020-02-09 22:00:00,"108,76"
2020-02-09 23:00:00,"103,19"
2020-02-10 00:00:00,"109,56"
2020-02-10 01:00:00,"101,98"
2020-02-10 02:00:00,"98,74"
2020-02-10 03:00:00,"99,04"
2020-02-10 04:00:00,"100,76"
2020-02-10 05:00:00,"106,33"
2020-02-10 06:00:00,"121,71"
2020-02-10 07:00:00,"132,53"
2020-02-10 08:00:00,"142,55"
2020-02-10 09:00:00,"133,54"
2020-02-10 10:00:00,"126,86"
2020-02-10 11:00:00,"127,17"
2020-02-10 12:00:00,"122,11"
2020-02-10 13:00:00,"121,30"
2020-02-10 14:00:00,"121,20"
2020-02-10 15:00:00,"123,83"
2020-02-10 16:00:00,"129,19"
2020-02-10 17:00:00,"141,53"
2020-02-10 18:00:00,"140,93"
2020-02-10 19:00:00,"135,26"
2020-02-10 20:00:00,"132,63"
2020-02-10 21:00:00,"126,16"
2020-02-10 22:00:00,"118,16"
2020-02-10 23:00:00,"103,19"
2020-02-11 00:00:00,"114,83"
2020-02-11 01:00:00,"117,05"
2020-02-11 02:00:00,"117,66"
2020-02-11 03:00:00,"117,86"
2020-02-11 04:00:00,"118,67"
2020-02-11 05:00:00,"121,30"
2020-02-11 06:00:00,"128,28"
2020-02-11 07:00:00,"141,13"
2020-02-11 08:00:00,"142,75"
2020-02-11 09:00:00,"134,76"
2020-02-11 10:00:00,"132,63"
2020-02-11 11:00:00,"131,52"
2020-02-11 12:00:00,"130,00"
2020-02-11 13:00:00,"129,19"
2020-02-11 14:00:00,"131,52"
2020-02-11 15:00:00,"130,91"
2020-02-11 16:00:00,"138,30"
2020-02-11 17:00:00,"142,85"
2020-02-11 18:00:00,"142,24"
2020-02-11 19:00:00,"138,90"
2020-02-11 20:00:00,"130,91"
2020-02-11 21:00:00,"123,63"
2020-02-11 22:00:00,"120,59"
2020-02-11 23:00:00,"103,19"
2020-02-12 00:00:00,"114,32"
2020-02-12 01:00:00,"113,10"
2020-02-12 02:00:00,"112,40"
2020-02-12 03:00:00,"113,21"
2020-02-12 04:00:00,"116,64"
2020-02-12 05:00:00,"127,55"
2020-02-12 06:00:00,"136,33"
2020-02-12 07:00:00,"140,47"
2020-02-12 08:00:00,"143,30"
2020-02-12 09:00:00,"142,39"
2020-02-12 10:00:00,"141,28"
2020-02-12 11:00:00,"140,67"
2020-02-12 12:00:00,"138,25"
2020-02-12 13:00:00,"138,15"
2020-02-12 14:00:00,"136,74"
2020-02-12 15:00:00,"136,94"
2020-02-12 16:00:00,"138,45"
2020-02-12 17:00:00,"141,58"
2020-02-12 18:00:00,"140,88"
2020-02-12 19:00:00,"139,36"
2020-02-12 20:00:00,"137,44"
2020-02-12 21:00:00,"135,52"
2020-02-12 22:00:00,"131,18"
2020-02-12 23:00:00,"128,35"
2020-02-13 00:00:00,"128,78"
2020-02-13 01:00:00,"128,98"
2020-02-13 02:00:00,"128,88"
2020-02-13 03:00:00,"129,38"
2020-02-13 04:00:00,"130,39"
2020-02-13 05:00:00,"132,70"
2020-02-13 06:00:00,"137,13"
2020-02-13 07:00:00,"140,35"
2020-02-13 08:00:00,"142,56"
2020-02-13 09:00:00,"140,85"
2020-02-13 10:00:00,"139,24"
2020-02-13 11:00:00,"137,53"
2020-02-13 12:00:00,"136,63"
2020-02-13 13:00:00,"136,33"
2020-02-13 14:00:00,"134,62"
2020-02-13 15:00:00,"135,32"
2020-02-13 16:00:00,"135,92"
2020-02-13 17:00:00,"137,13"
2020-02-13 18:00:00,"140,05"
2020-02-13 19:00:00,"139,65"
2020-02-13 20:00:00,"139,14"
2020-02-13 21:00:00,"139,04"
2020-02-13 22:00:00,"136,02"
2020-02-13 23:00:00,"135,32"
2020-02-14 00:00:00,"131,53"
2020-02-14 01:00:00,"130,62"
2020-02-14 02:00:00,"130,52"
2020-02-14 03:00:00,"130,62"
2020-02-14 04:00:00,"130,83"
2020-02-14 05:00:00,"132,43"
2020-02-14 06:00:00,"134,35"
2020-02-14 07:00:00,"138,67"
2020-02-14 08:00:00,"141,89"
2020-02-14 09:00:00,"139,07"
2020-02-14 10:00:00,"136,76"
2020-02-14 11:00:00,"135,25"
2020-02-14 12:00:00,"134,24"
2020-02-14 13:00:00,"133,44"
2020-02-14 14:00:00,"132,84"
2020-02-14 15:00:00,"132,43"
2020-02-14 16:00:00,"132,64"
2020-02-14 17:00:00,"133,04"
2020-02-14 18:00:00,"132,54"
2020-02-14 19:00:00,"131,63"
2020-02-14 20:00:00,"130,62"
2020-02-14 21:00:00,"130,52"
2020-02-14 22:00:00,"127,11"
2020-02-14 23:00:00,"126,70"
2020-02-15 00:00:00,"117,48"
2020-02-15 01:00:00,"114,97"
2020-02-15 02:00:00,"112,77"
2020-02-15 03:00:00,"111,37"
2020-02-15 04:00:00,"112,17"
2020-02-15 05:00:00,"114,77"
2020-02-15 06:00:00,"114,87"
2020-02-15 07:00:00,"117,78"
2020-02-15 08:00:00,"120,49"
2020-02-15 09:00:00,"123,69"
2020-02-15 10:00:00,"125,50"
2020-02-15 11:00:00,"125,60"
2020-02-15 12:00:00,"124,90"
2020-02-15 13:00:00,"124,20"
2020-02-15 14:00:00,"123,90"
2020-02-15 15:00:00,"124,30"
2020-02-15 16:00:00,"124,70"
2020-02-15 17:00:00,"125,30"
2020-02-15 18:00:00,"124,40"
2020-02-15 19:00:00,"120,89"
2020-02-15 20:00:00,"111,37"
2020-02-15 21:00:00,"100,44"
2020-02-15 22:00:00,"93,32"
2020-02-15 23:00:00,"89,31"
2020-02-16 00:00:00,"95,96"
2020-02-16 01:00:00,"93,65"
2020-02-16 02:00:00,"87,53"
2020-02-16 03:00:00,"80,32"
2020-02-16 04:00:00,"74,90"
2020-02-16 05:00:00,"71,09"
2020-02-16 06:00:00,"76,91"
2020-02-16 07:00:00,"76,91"
2020-02-16 08:00:00,"85,63"
2020-02-16 09:00:00,"87,94"
2020-02-16 10:00:00,"92,95"
2020-02-16 11:00:00,"95,66"
2020-02-16 12:00:00,"96,46"
2020-02-16 13:00:00,"96,06"
2020-02-16 14:00:00,"92,15"
2020-02-16 15:00:00,"93,35"
2020-02-16 16:00:00,"99,77"
2020-02-16 17:00:00,"104,98"
2020-02-16 18:00:00,"105,28"
2020-02-16 19:00:00,"102,68"
2020-02-16 20:00:00,"98,46"
2020-02-16 21:00:00,"94,65"
2020-02-16 22:00:00,"88,14"
2020-02-16 23:00:00,"84,13"
2020-02-17 00:00:00,"91,04"
2020-02-17 01:00:00,"90,44"
2020-02-17 02:00:00,"89,54"
2020-02-17 03:00:00,"77,51"
2020-02-17 04:00:00,"73,80"
2020-02-17 05:00:00,"95,16"
2020-02-17 06:00:00,"112,00"
2020-02-17 07:00:00,"114,81"
2020-02-17 08:00:00,"119,62"
2020-02-17 09:00:00,"118,42"
2020-02-17 10:00:00,"117,92"
2020-02-17 11:00:00,"116,31"
2020-02-17 12:00:00,"115,31"
2020-02-17 13:00:00,"114,91"
2020-02-17 14:00:00,"115,11"
2020-02-17 15:00:00,"114,81"
2020-02-17 16:00:00,"116,01"
2020-02-17 17:00:00,"116,91"
2020-02-17 18:00:00,"117,62"
2020-02-17 19:00:00,"115,91"
2020-02-17 20:00:00,"113,00"
2020-02-17 21:00:00,"111,50"
2020-02-17 22:00:00,"108,69"
2020-02-17 23:00:00,"98,06"
2020-02-18 00:00:00,"97,82"
2020-02-18 01:00:00,"97,12"
2020-02-18 02:00:00,"90,39"
2020-02-18 03:00:00,"86,17"
2020-02-18 04:00:00,"89,78"
2020-02-18 05:00:00,"102,14"
2020-02-18 06:00:00,"109,17"
2020-02-18 07:00:00,"115,09"
2020-02-18 08:00:00,"115,90"
2020-02-18 09:00:00,"115,59"
2020-02-18 10:00:00,"112,88"
2020-02-18 11:00:00,"109,57"
2020-02-18 12:00:00,"105,05"
2020-02-18 13:00:00,"105,15"
2020-02-18 14:00:00,"111,18"
2020-02-18 15:00:00,"112,28"
2020-02-18 16:00:00,"114,89"
2020-02-18 17:00:00,"116,70"
2020-02-18 18:00:00,"116,80"
2020-02-18 19:00:00,"116,40"
2020-02-18 20:00:00,"116,30"
2020-02-18 21:00:00,"115,70"
2020-02-18 22:00:00,"112,98"
2020-02-18 23:00:00,"109,87"
2020-02-19 00:00:00,"103,39"
2020-02-19 01:00:00,"102,98"
2020-02-19 02:00:00,"104,19"
2020-02-19 03:00:00,"105,61"
2020-02-19 04:00:00,"107,22"
2020-02-19 05:00:00,"111,25"
2020-02-19 06:00:00,"112,36"
2020-02-19 07:00:00,"114,78"
2020-02-19 08:00:00,"115,49"
2020-02-19 09:00:00,"115,89"
2020-02-19 10:00:00,"115,19"
2020-02-19 11:00:00,"114,28"
2020-02-19 12:00:00,"113,07"
2020-02-19 13:00:00,"112,46"
2020-02-19 14:00:00,"112,46"
2020-02-19 15:00:00,"111,66"
2020-02-19 16:00:00,"112,46"
2020-02-19 17:00:00,"113,07"
2020-02-19 18:00:00,"113,27"
2020-02-19 19:00:00,"112,97"
2020-02-19 20:00:00,"112,97"
2020-02-19 21:00:00,"112,57"
2020-02-19 22:00:00,"111,25"
2020-02-19 23:00:00,"106,82"
2020-02-20 00:00:00,"100,37"
2020-02-20 01:00:00,"98,46"
2020-02-20 02:00:00,"97,26"
2020-02-20 03:00:00,"96,76"
2020-02-20 04:00:00,"97,46"
2020-02-20 05:00:00,"100,16"
2020-02-20 06:00:00,"100,47"
2020-02-20 07:00:00,"101,37"
2020-02-20 08:00:00,"101,77"
2020-02-20 09:00:00,"101,77"
2020-02-20 10:00:00,"101,87"
2020-02-20 11:00:00,"101,47"
2020-02-20 12:00:00,"101,17"
2020-02-20 13:00:00,"100,97"
2020-02-20 14:00:00,"100,67"
2020-02-20 15:00:00,"100,67"
2020-02-20 16:00:00,"100,87"
2020-02-20 17:00:00,"100,97"
2020-02-20 18:00:00,"100,57"
2020-02-20 19:00:00,"100,77"
2020-02-20 20:00:00,"97,96"
2020-02-20 21:00:00,"93,25"
2020-02-20 22:00:00,"88,23"
2020-02-20 23:00:00,"80,51"
2020-02-21 00:00:00,"83,14"
2020-02-21 01:00:00,"76,31"
2020-02-21 02:00:00,"74,00"
2020-02-21 03:00:00,"79,72"
2020-02-21 04:00:00,"85,05"
2020-02-21 05:00:00,"88,16"
2020-02-21 06:00:00,"92,28"
2020-02-21 07:00:00,"92,78"
2020-02-21 08:00:00,"93,08"
2020-02-21 09:00:00,"93,18"
2020-02-21 10:00:00,"92,98"
2020-02-21 11:00:00,"92,68"
2020-02-21 12:00:00,"92,38"
2020-02-21 13:00:00,"92,28"
2020-02-21 14:00:00,"91,77"
2020-02-21 15:00:00,"90,17"
2020-02-21 16:00:00,"90,57"
2020-02-21 17:00:00,"91,77"
2020-02-21 18:00:00,"91,77"
2020-02-21 19:00:00,"90,77"
2020-02-21 20:00:00,"87,76"
2020-02-21 21:00:00,"85,45"
2020-02-21 22:00:00,"81,43"
2020-02-21 23:00:00,"71,09"
2020-02-22 00:00:00,"78,82"
2020-02-22 01:00:00,"75,40"
2020-02-22 02:00:00,"74,09"
2020-02-22 03:00:00,"73,49"
2020-02-22 04:00:00,"73,39"
2020-02-22 05:00:00,"74,70"
2020-02-22 06:00:00,"77,01"
2020-02-22 07:00:00,"75,20"
2020-02-22 08:00:00,"77,31"
2020-02-22 09:00:00,"81,04"
2020-02-22 10:00:00,"82,85"
2020-02-22 11:00:00,"82,15"
2020-02-22 12:00:00,"81,54"
2020-02-22 13:00:00,"81,14"
2020-02-22 14:00:00,"80,33"
2020-02-22 15:00:00,"80,33"
2020-02-22 16:00:00,"81,84"
2020-02-22 17:00:00,"83,96"
2020-02-22 18:00:00,"88,19"
2020-02-22 19:00:00,"82,75"
2020-02-22 20:00:00,"79,83"
2020-02-22 21:00:00,"78,42"
2020-02-22 22:00:00,"77,31"
2020-02-22 23:00:00,"76,11"
2020-02-23 00:00:00,"68,47"
2020-02-23 01:00:00,"68,97"
2020-02-23 02:00:00,"66,54"
2020-02-23 03:00:00,"66,24"
2020-02-23 04:00:00,"67,05"
2020-02-23 05:00:00,"70,39"
2020-02-23 06:00:00,"69,48"
2020-02-23 07:00:00,"70,80"
2020-02-23 08:00:00,"73,94"
2020-02-23 09:00:00,"83,35"
2020-02-23 10:00:00,"87,81"
2020-02-23 11:00:00,"90,04"
2020-02-23 12:00:00,"89,94"
2020-02-23 13:00:00,"90,24"
2020-02-23 14:00:00,"89,43"
2020-02-23 15:00:00,"88,22"
2020-02-23 16:00:00,"88,62"
2020-02-23 17:00:00,"91,15"
2020-02-23 18:00:00,"91,05"
2020-02-23 19:00:00,"90,95"
2020-02-23 20:00:00,"88,52"
2020-02-23 21:00:00,"86,49"
2020-02-23 22:00:00,"88,42"
2020-02-23 23:00:00,"82,85"
2020-02-24 00:00:00,"82,65"
2020-02-24 01:00:00,"78,09"
2020-02-24 02:00:00,"80,21"
2020-02-24 03:00:00,"88,01"
2020-02-24 04:00:00,"94,39"
2020-02-24 05:00:00,"97,13"
2020-02-24 06:00:00,"97,43"
2020-02-24 07:00:00,"98,24"
2020-02-24 08:00:00,"99,36"
2020-02-24 09:00:00,"97,84"
2020-02-24 10:00:00,"97,43"
2020-02-24 11:00:00,"97,03"
2020-02-24 12:00:00,"96,72"
2020-02-24 13:00:00,"96,62"
2020-02-24 14:00:00,"96,42"
2020-02-24 15:00:00,"96,42"
2020-02-24 16:00:00,"96,22"
2020-02-24 17:00:00,"96,22"
2020-02-24 18:00:00,"96,01"
2020-02-24 19:00:00,"95,71"
2020-02-24 20:00:00,"95,10"
2020-02-24 21:00:00,"94,90"
2020-02-24 22:00:00,"94,09"
2020-02-24 23:00:00,"93,38"
2020-02-25 00:00:00,"94,43"
2020-02-25 01:00:00,"92,30"
2020-02-25 02:00:00,"87,84"
2020-02-25 03:00:00,"92,30"
2020-02-25 04:00:00,"94,43"
2020-02-25 05:00:00,"97,07"
2020-02-25 06:00:00,"98,29"
2020-02-25 07:00:00,"98,49"
2020-02-25 08:00:00,"98,90"
2020-02-25 09:00:00,"98,90"
2020-02-25 10:00:00,"98,90"
2020-02-25 11:00:00,"99,10"
2020-02-25 12:00:00,"99,10"
2020-02-25 13:00:00,"99,20"
2020-02-25 14:00:00,"99,40"
2020-02-25 15:00:00,"99,51"
2020-02-25 16:00:00,"99,81"
2020-02-25 17:00:00,"99,81"
2020-02-25 18:00:00,"99,81"
2020-02-25 19:00:00,"99,71"
2020-02-25 20:00:00,"99,40"
2020-02-25 21:00:00,"99,40"
2020-02-25 22:00:00,"98,49"
2020-02-25 23:00:00,"97,48"
2020-02-26 00:00:00,"100,42"
2020-02-26 01:00:00,"99,81"
2020-02-26 02:00:00,"99,61"
2020-02-26 03:00:00,"99,81"
2020-02-26 04:00:00,"100,32"
2020-02-26 05:00:00,"101,64"
2020-02-26 06:00:00,"102,25"
2020-02-26 07:00:00,"106,00"
2020-02-26 08:00:00,"110,06"
2020-02-26 09:00:00,"109,04"
2020-02-26 10:00:00,"107,83"
2020-02-26 11:00:00,"106,71"
2020-02-26 12:00:00,"106,31"
2020-02-26 13:00:00,"104,07"
2020-02-26 14:00:00,"104,18"
2020-02-26 15:00:00,"104,58"
2020-02-26 16:00:00,"105,19"
2020-02-26 17:00:00,"105,29"
2020-02-26 18:00:00,"105,39"
2020-02-26 19:00:00,"104,78"
2020-02-26 20:00:00,"103,16"
2020-02-26 21:00:00,"102,86"
2020-02-26 22:00:00,"101,03"
2020-02-26 23:00:00,"100,42"
2020-02-27 00:00:00,"104,86"
2020-02-27 01:00:00,"103,73"
2020-02-27 02:00:00,"103,43"
2020-02-27 03:00:00,"103,63"
2020-02-27 04:00:00,"104,55"
2020-02-27 05:00:00,"107,00"
2020-02-27 06:00:00,"109,14"
2020-02-27 07:00:00,"112,41"
2020-02-27 08:00:00,"116,60"
2020-02-27 09:00:00,"113,84"
2020-02-27 10:00:00,"112,10"
2020-02-27 11:00:00,"111,19"
2020-02-27 12:00:00,"110,98"
2020-02-27 13:00:00,"110,16"
2020-02-27 14:00:00,"107,92"
2020-02-27 15:00:00,"108,33"
2020-02-27 16:00:00,"108,94"
2020-02-27 17:00:00,"109,96"
2020-02-27 18:00:00,"110,16"
2020-02-27 19:00:00,"110,37"
2020-02-27 20:00:00,"109,96"
2020-02-27 21:00:00,"110,27"
2020-02-27 22:00:00,"108,63"
2020-02-27 23:00:00,"106,08"
2020-02-28 00:00:00,"108,61"
2020-02-28 01:00:00,"107,79"
2020-02-28 02:00:00,"107,69"
2020-02-28 03:00:00,"107,79"
2020-02-28 04:00:00,"108,41"
2020-02-28 05:00:00,"110,26"
2020-02-28 06:00:00,"111,39"
2020-02-28 07:00:00,"114,16"
2020-02-28 08:00:00,"114,57"
2020-02-28 09:00:00,"119,81"
2020-02-28 10:00:00,"117,14"
2020-02-28 11:00:00,"114,37"
2020-02-28 12:00:00,"112,62"
2020-02-28 13:00:00,"112,11"
2020-02-28 14:00:00,"111,59"
2020-02-28 15:00:00,"109,54"
2020-02-28 16:00:00,"109,85"
2020-02-28 17:00:00,"110,36"
2020-02-28 18:00:00,"110,67"
2020-02-28 19:00:00,"110,05"
2020-02-28 20:00:00,"109,23"
2020-02-28 21:00:00,"109,13"
2020-02-28 22:00:00,"107,69"
2020-02-28 23:00:00,"106,45"
2020-02-29 00:00:00,"102,66"
2020-02-29 01:00:00,"102,14"
2020-02-29 02:00:00,"99,65"
2020-02-29 03:00:00,"98,61"
2020-02-29 04:00:00,"97,57"
2020-02-29 05:00:00,"95,91"
2020-02-29 06:00:00,"99,96"
2020-02-29 07:00:00,"102,14"
2020-02-29 08:00:00,"102,46"
2020-02-29 09:00:00,"102,97"
2020-02-29 10:00:00,"102,97"
2020-02-29 11:00:00,"100,58"
2020-02-29 12:00:00,"98,19"
2020-02-29 13:00:00,"96,12"
2020-02-29 14:00:00,"96,43"
2020-02-29 15:00:00,"96,84"
2020-02-29 16:00:00,"98,30"
2020-02-29 17:00:00,"102,14"
2020-02-29 18:00:00,"105,88"
2020-02-29 19:00:00,"102,56"
2020-02-29 20:00:00,"100,27"
2020-02-29 21:00:00,"98,19"
2020-02-29 22:00:00,"100,38"
2020-02-29 23:00:00,"98,82"
2020-03-01 00:00:00,"96,32"
2020-03-01 01:00:00,"95,18"
2020-03-01 02:00:00,"94,35"
2020-03-01 03:00:00,"89,70"
2020-03-01 04:00:00,"81,33"
2020-03-01 05:00:00,"79,37"
2020-03-01 06:00:00,"87,22"
2020-03-01 07:00:00,"91,98"
2020-03-01 08:00:00,"93,53"
2020-03-01 09:00:00,"93,94"
2020-03-01 10:00:00,"94,04"
2020-03-01 11:00:00,"94,04"
2020-03-01 12:00:00,"93,94"
2020-03-01 13:00:00,"93,73"
2020-03-01 14:00:00,"94,15"
2020-03-01 15:00:00,"96,73"
2020-03-01 16:00:00,"99,42"
2020-03-01 17:00:00,"101,90"
2020-03-01 18:00:00,"105,52"
2020-03-01 19:00:00,"105,21"
2020-03-01 20:00:00,"104,79"
2020-03-01 21:00:00,"103,86"
2020-03-01 22:00:00,"102,93"
2020-03-01 23:00:00,"101,59"
2020-03-02 00:00:00,"101,07"
2020-03-02 01:00:00,"100,24"
2020-03-02 02:00:00,"100,04"
2020-03-02 03:00:00,"100,45"
2020-03-02 04:00:00,"101,28"
2020-03-02 05:00:00,"103,35"
2020-03-02 06:00:00,"100,04"
2020-03-02 07:00:00,"101,90"
2020-03-02 08:00:00,"104,28"
2020-03-02 09:00:00,"104,07"
2020-03-02 10:00:00,"103,66"
2020-03-02 11:00:00,"103,35"
2020-03-02 12:00:00,"103,55"
2020-03-02 13:00:00,"103,45"
2020-03-02 14:00:00,"103,66"
2020-03-02 15:00:00,"103,86"
2020-03-02 16:00:00,"104,07"
2020-03-02 17:00:00,"104,28"
2020-03-02 18:00:00,"104,69"
2020-03-02 19:00:00,"104,48"
2020-03-02 20:00:00,"104,28"
2020-03-02 21:00:00,"104,69"
2020-03-02 22:00:00,"103,55"
2020-03-02 23:00:00,"102,10"
2020-03-03 00:00:00,"100,74"
2020-03-03 01:00:00,"98,76"
2020-03-03 02:00:00,"98,45"
2020-03-03 03:00:00,"98,45"
2020-03-03 04:00:00,"98,76"
2020-03-03 05:00:00,"99,81"
2020-03-03 06:00:00,"99,39"
2020-03-03 07:00:00,"101,37"
2020-03-03 08:00:00,"104,59"
2020-03-03 09:00:00,"103,66"
2020-03-03 10:00:00,"103,24"
2020-03-03 11:00:00,"102,72"
2020-03-03 12:00:00,"103,45"
2020-03-03 13:00:00,"103,34"
2020-03-03 14:00:00,"103,34"
2020-03-03 15:00:00,"103,45"
2020-03-03 16:00:00,"103,66"
2020-03-03 17:00:00,"103,76"
2020-03-03 18:00:00,"102,93"
2020-03-03 19:00:00,"104,07"
2020-03-03 20:00:00,"104,07"
2020-03-03 21:00:00,"105,22"
2020-03-03 22:00:00,"103,24"
2020-03-03 23:00:00,"101,16"
2020-03-04 00:00:00,"100,28"
2020-03-04 01:00:00,"99,66"
2020-03-04 02:00:00,"99,45"
2020-03-04 03:00:00,"99,56"
2020-03-04 04:00:00,"100,07"
2020-03-04 05:00:00,"101,73"
2020-03-04 06:00:00,"102,04"
2020-03-04 07:00:00,"104,41"
2020-03-04 08:00:00,"105,24"
2020-03-04 09:00:00,"104,62"
2020-03-04 10:00:00,"103,90"
2020-03-04 11:00:00,"103,59"
2020-03-04 12:00:00,"103,38"
2020-03-04 13:00:00,"102,45"
2020-03-04 14:00:00,"102,24"
2020-03-04 15:00:00,"102,04"
2020-03-04 16:00:00,"102,14"
2020-03-04 17:00:00,"102,66"
2020-03-04 18:00:00,"103,17"
2020-03-04 19:00:00,"105,34"
2020-03-04 20:00:00,"104,93"
2020-03-04 21:00:00,"104,52"
2020-03-04 22:00:00,"103,07"
2020-03-04 23:00:00,"101,31"
2020-03-05 00:00:00,"102,29"
2020-03-05 01:00:00,"101,46"
2020-03-05 02:00:00,"101,15"
2020-03-05 03:00:00,"101,46"
2020-03-05 04:00:00,"102,18"
2020-03-05 05:00:00,"104,04"
2020-03-05 06:00:00,"104,45"
2020-03-05 07:00:00,"109,92"
2020-03-05 08:00:00,"111,87"
2020-03-05 09:00:00,"109,81"
2020-03-05 10:00:00,"107,23"
2020-03-05 11:00:00,"105,58"
2020-03-05 12:00:00,"104,14"
2020-03-05 13:00:00,"102,90"
2020-03-05 14:00:00,"102,29"
2020-03-05 15:00:00,"102,29"
2020-03-05 16:00:00,"103,01"
2020-03-05 17:00:00,"104,14"
2020-03-05 18:00:00,"105,28"
2020-03-05 19:00:00,"108,88"
2020-03-05 20:00:00,"108,68"
2020-03-05 21:00:00,"107,34"
2020-03-05 22:00:00,"106,10"
2020-03-05 23:00:00,"104,97"
2020-03-06 00:00:00,"106,49"
2020-03-06 01:00:00,"104,73"
2020-03-06 02:00:00,"104,32"
2020-03-06 03:00:00,"104,53"
2020-03-06 04:00:00,"105,46"
2020-03-06 05:00:00,"109,50"
2020-03-06 06:00:00,"114,57"
2020-03-06 07:00:00,"144,20"
2020-03-06 08:00:00,"269,03"
2020-03-06 09:00:00,"145,03"
2020-03-06 10:00:00,"124,93"
2020-03-06 11:00:00,"113,43"
2020-03-06 12:00:00,"112,19"
2020-03-06 13:00:00,"110,02"
2020-03-06 14:00:00,"108,77"
2020-03-06 15:00:00,"107,12"
2020-03-06 16:00:00,"107,94"
2020-03-06 17:00:00,"109,91"
2020-03-06 18:00:00,"111,88"
2020-03-06 19:00:00,"111,16"
2020-03-06 20:00:00,"109,60"
2020-03-06 21:00:00,"107,63"
2020-03-06 22:00:00,"106,18"
2020-03-06 23:00:00,"105,46"
2020-03-07 00:00:00,"113,46"
2020-03-07 01:00:00,"109,90"
2020-03-07 02:00:00,"109,38"
2020-03-07 03:00:00,"108,96"
2020-03-07 04:00:00,"109,17"
2020-03-07 05:00:00,"110,11"
2020-03-07 06:00:00,"107,70"
2020-03-07 07:00:00,"108,02"
2020-03-07 08:00:00,"109,90"
2020-03-07 09:00:00,"114,51"
2020-03-07 10:00:00,"111,06"
2020-03-07 11:00:00,"108,96"
2020-03-07 12:00:00,"107,28"
2020-03-07 13:00:00,"106,13"
2020-03-07 14:00:00,"105,29"
2020-03-07 15:00:00,"104,98"
2020-03-07 16:00:00,"105,61"
2020-03-07 17:00:00,"107,18"
2020-03-07 18:00:00,"108,75"
2020-03-07 19:00:00,"108,23"
2020-03-07 20:00:00,"110,95"
2020-03-07 21:00:00,"111,37"
2020-03-07 22:00:00,"108,54"
2020-03-07 23:00:00,"106,65"
2020-03-08 00:00:00,"108,56"
2020-03-08 01:00:00,"105,50"
2020-03-08 02:00:00,"103,74"
2020-03-08 03:00:00,"98,81"
2020-03-08 04:00:00,"94,87"
2020-03-08 05:00:00,"95,53"
2020-03-08 06:00:00,"94,98"
2020-03-08 07:00:00,"100,90"
2020-03-08 08:00:00,"103,31"
2020-03-08 09:00:00,"102,76"
2020-03-08 10:00:00,"104,95"
2020-03-08 11:00:00,"102,98"
2020-03-08 12:00:00,"97,83"
2020-03-08 13:00:00,"92,35"
2020-03-08 14:00:00,"96,08"
2020-03-08 15:00:00,"104,73"
2020-03-08 16:00:00,"106,59"
2020-03-08 17:00:00,"109,99"
2020-03-08 18:00:00,"113,27"
2020-03-08 19:00:00,"113,38"
2020-03-08 20:00:00,"110,65"
2020-03-08 21:00:00,"108,67"
2020-03-08 22:00:00,"105,28"
2020-03-08 23:00:00,"101,33"
2020-03-09 00:00:00,"95,75"
2020-03-09 01:00:00,"95,20"
2020-03-09 02:00:00,"95,64"
2020-03-09 03:00:00,"97,61"
2020-03-09 04:00:00,"100,35"
2020-03-09 05:00:00,"107,03"
2020-03-09 06:00:00,"112,29"
2020-03-09 07:00:00,"117,88"
2020-03-09 08:00:00,"121,05"
2020-03-09 09:00:00,"117,44"
2020-03-09 10:00:00,"115,03"
2020-03-09 11:00:00,"113,38"
2020-03-09 12:00:00,"112,07"
2020-03-09 13:00:00,"111,30"
2020-03-09 14:00:00,"111,08"
2020-03-09 15:00:00,"111,85"
2020-03-09 16:00:00,"112,73"
2020-03-09 17:00:00,"113,82"
2020-03-09 18:00:00,"114,70"
2020-03-09 19:00:00,"114,70"
2020-03-09 20:00:00,"113,60"
2020-03-09 21:00:00,"110,97"
2020-03-09 22:00:00,"108,45"
2020-03-09 23:00:00,"106,26"
2020-03-10 00:00:00,"98,60"
2020-03-10 01:00:00,"97,51"
2020-03-10 02:00:00,"97,18"
2020-03-10 03:00:00,"97,18"
2020-03-10 04:00:00,"97,51"
2020-03-10 05:00:00,"99,69"
2020-03-10 06:00:00,"104,47"
2020-03-10 07:00:00,"110,24"
2020-03-10 08:00:00,"112,31"
2020-03-10 09:00:00,"111,11"
2020-03-10 10:00:00,"109,70"
2020-03-10 11:00:00,"108,18"
2020-03-10 12:00:00,"108,94"
2020-03-10 13:00:00,"108,83"
2020-03-10 14:00:00,"108,39"
2020-03-10 15:00:00,"113,94"
2020-03-10 16:00:00,"114,81"
2020-03-10 17:00:00,"114,60"
2020-03-10 18:00:00,"108,72"
2020-03-10 19:00:00,"106,65"
2020-03-10 20:00:00,"103,39"
2020-03-10 21:00:00,"97,40"
2020-03-10 22:00:00,"94,79"
2020-03-10 23:00:00,"88,04"
2020-03-11 00:00:00,"82,64"
2020-03-11 01:00:00,"81,45"
2020-03-11 02:00:00,"80,70"
2020-03-11 03:00:00,"83,82"
2020-03-11 04:00:00,"89,21"
2020-03-11 05:00:00,"95,03"
2020-03-11 06:00:00,"101,06"
2020-03-11 07:00:00,"104,29"
2020-03-11 08:00:00,"104,83"
2020-03-11 09:00:00,"104,83"
2020-03-11 10:00:00,"103,86"
2020-03-11 11:00:00,"102,68"
2020-03-11 12:00:00,"100,84"
2020-03-11 13:00:00,"99,98"
2020-03-11 14:00:00,"99,34"
2020-03-11 15:00:00,"100,63"
2020-03-11 16:00:00,"102,03"
2020-03-11 17:00:00,"102,78"
2020-03-11 18:00:00,"103,11"
2020-03-11 19:00:00,"103,11"
2020-03-11 20:00:00,"102,25"
2020-03-11 21:00:00,"101,28"
2020-03-11 22:00:00,"96,64"
2020-03-11 23:00:00,"95,03"
2020-03-12 00:00:00,"89,92"
2020-03-12 01:00:00,"88,08"
2020-03-12 02:00:00,"86,34"
2020-03-12 03:00:00,"81,35"
2020-03-12 04:00:00,"77,77"
2020-03-12 05:00:00,"87,86"
2020-03-12 06:00:00,"96,10"
2020-03-12 07:00:00,"102,61"
2020-03-12 08:00:00,"102,29"
2020-03-12 09:00:00,"97,51"
2020-03-12 10:00:00,"95,02"
2020-03-12 11:00:00,"91,66"
2020-03-12 12:00:00,"89,38"
2020-03-12 13:00:00,"90,79"
2020-03-12 14:00:00,"91,44"
2020-03-12 15:00:00,"94,59"
2020-03-12 16:00:00,"95,56"
2020-03-12 17:00:00,"97,30"
2020-03-12 18:00:00,"99,14"
2020-03-12 19:00:00,"98,06"
2020-03-12 20:00:00,"95,89"
2020-03-12 21:00:00,"93,28"
2020-03-12 22:00:00,"90,14"
2020-03-12 23:00:00,"81,35"
2020-03-13 00:00:00,"85,90"
2020-03-13 01:00:00,"79,11"
2020-03-13 02:00:00,"73,79"
2020-03-13 03:00:00,"79,68"
2020-03-13 04:00:00,"84,66"
2020-03-13 05:00:00,"90,09"
2020-03-13 06:00:00,"99,60"
2020-03-13 07:00:00,"104,01"
2020-03-13 08:00:00,"105,03"
2020-03-13 09:00:00,"99,37"
2020-03-13 10:00:00,"95,75"
2020-03-13 11:00:00,"95,86"
2020-03-13 12:00:00,"90,66"
2020-03-13 13:00:00,"89,07"
2020-03-13 14:00:00,"89,53"
2020-03-13 15:00:00,"90,32"
2020-03-13 16:00:00,"94,96"
2020-03-13 17:00:00,"100,96"
2020-03-13 18:00:00,"102,09"
2020-03-13 19:00:00,"102,54"
2020-03-13 20:00:00,"102,20"
2020-03-13 21:00:00,"101,86"
2020-03-13 22:00:00,"101,52"
2020-03-13 23:00:00,"98,35"
2020-03-14 00:00:00,"93,77"
2020-03-14 01:00:00,"93,33"
2020-03-14 02:00:00,"93,10"
2020-03-14 03:00:00,"93,22"
2020-03-14 04:00:00,"93,55"
2020-03-14 05:00:00,"93,77"
2020-03-14 06:00:00,"94,33"
2020-03-14 07:00:00,"94,77"
2020-03-14 08:00:00,"95,55"
2020-03-14 09:00:00,"96,44"
2020-03-14 10:00:00,"96,00"
2020-03-14 11:00:00,"94,66"
2020-03-14 12:00:00,"93,77"
2020-03-14 13:00:00,"93,22"
2020-03-14 14:00:00,"92,99"
2020-03-14 15:00:00,"92,88"
2020-03-14 16:00:00,"92,99"
2020-03-14 17:00:00,"93,55"
2020-03-14 18:00:00,"93,99"
2020-03-14 19:00:00,"93,66"
2020-03-14 20:00:00,"92,88"
2020-03-14 21:00:00,"90,54"
2020-03-14 22:00:00,"87,54"
2020-03-14 23:00:00,"83,86"
2020-03-15 00:00:00,"86,91"
2020-03-15 01:00:00,"82,25"
2020-03-15 02:00:00,"76,01"
2020-03-15 03:00:00,"67,94"
2020-03-15 04:00:00,"67,83"
2020-03-15 05:00:00,"62,71"
2020-03-15 06:00:00,"66,46"
2020-03-15 07:00:00,"67,83"
2020-03-15 08:00:00,"73,28"
2020-03-15 09:00:00,"77,25"
2020-03-15 10:00:00,"79,07"
2020-03-15 11:00:00,"78,73"
2020-03-15 12:00:00,"77,03"
2020-03-15 13:00:00,"77,60"
2020-03-15 14:00:00,"77,37"
2020-03-15 15:00:00,"78,28"
2020-03-15 16:00:00,"81,34"
2020-03-15 17:00:00,"90,32"
2020-03-15 18:00:00,"94,52"
2020-03-15 19:00:00,"93,27"
2020-03-15 20:00:00,"90,09"
2020-03-15 21:00:00,"87,37"
2020-03-15 22:00:00,"83,28"
2020-03-15 23:00:00,"75,66"
2020-03-16 00:00:00,"75,66"
2020-03-16 01:00:00,"74,64"
2020-03-16 02:00:00,"76,01"
2020-03-16 03:00:00,"78,62"
2020-03-16 04:00:00,"83,16"
2020-03-16 05:00:00,"89,64"
2020-03-16 06:00:00,"99,07"
2020-03-16 07:00:00,"100,32"
2020-03-16 08:00:00,"101,00"
2020-03-16 09:00:00,"99,75"
2020-03-16 10:00:00,"98,50"
2020-03-16 11:00:00,"97,36"
2020-03-16 12:00:00,"99,98"
2020-03-16 13:00:00,"99,64"
2020-03-16 14:00:00,"99,86"
2020-03-16 15:00:00,"97,14"
2020-03-16 16:00:00,"97,48"
2020-03-16 17:00:00,"98,05"
2020-03-16 18:00:00,"98,73"
2020-03-16 19:00:00,"98,84"
2020-03-16 20:00:00,"98,61"
2020-03-16 21:00:00,"96,91"
2020-03-16 22:00:00,"95,32"
2020-03-16 23:00:00,"93,27"
2020-03-17 00:00:00,"85,91"
2020-03-17 01:00:00,"83,61"
2020-03-17 02:00:00,"81,67"
2020-03-17 03:00:00,"80,64"
2020-03-17 04:00:00,"80,98"
2020-03-17 05:00:00,"83,61"
2020-03-17 06:00:00,"87,85"
2020-03-17 07:00:00,"90,37"
2020-03-17 08:00:00,"91,17"
2020-03-17 09:00:00,"91,17"
2020-03-17 10:00:00,"90,60"
2020-03-17 11:00:00,"89,80"
2020-03-17 12:00:00,"88,77"
2020-03-17 13:00:00,"87,51"
2020-03-17 14:00:00,"86,59"
2020-03-17 15:00:00,"85,33"
2020-03-17 16:00:00,"86,13"
2020-03-17 17:00:00,"86,59"
2020-03-17 18:00:00,"88,31"
2020-03-17 19:00:00,"88,31"
2020-03-17 20:00:00,"87,28"
2020-03-17 21:00:00,"85,79"
2020-03-17 22:00:00,"81,32"
2020-03-17 23:00:00,"73,99"
2020-03-18 00:00:00,"68,96"
2020-03-18 01:00:00,"64,71"
2020-03-18 02:00:00,"62,76"
2020-03-18 03:00:00,"64,83"
2020-03-18 04:00:00,"67,35"
2020-03-18 05:00:00,"74,01"
2020-03-18 06:00:00,"81,69"
2020-03-18 07:00:00,"83,30"
2020-03-18 08:00:00,"83,65"
2020-03-18 09:00:00,"83,07"
2020-03-18 10:00:00,"82,27"
2020-03-18 11:00:00,"81,69"
2020-03-18 12:00:00,"82,04"
2020-03-18 13:00:00,"81,81"
2020-03-18 14:00:00,"81,81"
2020-03-18 15:00:00,"81,81"
2020-03-18 16:00:00,"82,15"
2020-03-18 17:00:00,"82,61"
2020-03-18 18:00:00,"83,30"
2020-03-18 19:00:00,"83,87"
2020-03-18 20:00:00,"85,94"
2020-03-18 21:00:00,"85,25"
2020-03-18 22:00:00,"83,07"
2020-03-18 23:00:00,"80,89"
2020-03-19 00:00:00,"75,62"
2020-03-19 01:00:00,"72,73"
2020-03-19 02:00:00,"72,38"
2020-03-19 03:00:00,"73,66"
2020-03-19 04:00:00,"76,78"
2020-03-19 05:00:00,"80,36"
2020-03-19 06:00:00,"83,60"
2020-03-19 07:00:00,"85,22"
2020-03-19 08:00:00,"85,57"
2020-03-19 09:00:00,"83,83"
2020-03-19 10:00:00,"82,79"
2020-03-19 11:00:00,"81,63"
2020-03-19 12:00:00,"81,29"
2020-03-19 13:00:00,"80,94"
2020-03-19 14:00:00,"80,83"
2020-03-19 15:00:00,"81,17"
2020-03-19 16:00:00,"81,98"
2020-03-19 17:00:00,"82,68"
2020-03-19 18:00:00,"83,25"
2020-03-19 19:00:00,"84,29"
2020-03-19 20:00:00,"84,41"
2020-03-19 21:00:00,"84,64"
2020-03-19 22:00:00,"83,60"
2020-03-19 23:00:00,"80,83"
2020-03-20 00:00:00,"86,77"
2020-03-20 01:00:00,"86,03"
2020-03-20 02:00:00,"86,15"
2020-03-20 03:00:00,"86,89"
2020-03-20 04:00:00,"88,25"
2020-03-20 05:00:00,"92,08"
2020-03-20 06:00:00,"99,24"
2020-03-20 07:00:00,"101,46"
2020-03-20 08:00:00,"104,05"
2020-03-20 09:00:00,"102,08"
2020-03-20 10:00:00,"99,85"
2020-03-20 11:00:00,"96,40"
2020-03-20 12:00:00,"93,19"
2020-03-20 13:00:00,"91,59"
2020-03-20 14:00:00,"91,09"
2020-03-20 15:00:00,"90,10"
2020-03-20 16:00:00,"90,35"
2020-03-20 17:00:00,"91,46"
2020-03-20 18:00:00,"94,55"
2020-03-20 19:00:00,"96,89"
2020-03-20 20:00:00,"96,28"
2020-03-20 21:00:00,"93,31"
2020-03-20 22:00:00,"91,59"
2020-03-20 23:00:00,"88,38"
2020-03-21 00:00:00,"90,44"
2020-03-21 01:00:00,"89,25"
2020-03-21 02:00:00,"88,90"
2020-03-21 03:00:00,"89,13"
2020-03-21 04:00:00,"89,96"
2020-03-21 05:00:00,"89,73"
2020-03-21 06:00:00,"88,78"
2020-03-21 07:00:00,"91,51"
2020-03-21 08:00:00,"94,47"
2020-03-21 09:00:00,"96,25"
2020-03-21 10:00:00,"89,02"
2020-03-21 11:00:00,"85,10"
2020-03-21 12:00:00,"84,51"
2020-03-21 13:00:00,"79,65"
2020-03-21 14:00:00,"77,99"
2020-03-21 15:00:00,"80,36"
2020-03-21 16:00:00,"88,54"
2020-03-21 17:00:00,"93,88"
2020-03-21 18:00:00,"94,71"
2020-03-21 19:00:00,"96,84"
2020-03-21 20:00:00,"95,54"
2020-03-21 21:00:00,"93,99"
2020-03-21 22:00:00,"92,33"
2020-03-21 23:00:00,"90,79"
2020-03-22 00:00:00,"94,85"
2020-03-22 01:00:00,"94,85"
2020-03-22 02:00:00,"89,55"
2020-03-22 03:00:00,"80,83"
2020-03-22 04:00:00,"76,92"
2020-03-22 05:00:00,"78,81"
2020-03-22 06:00:00,"76,54"
2020-03-22 07:00:00,"73,51"
2020-03-22 08:00:00,"77,93"
2020-03-22 09:00:00,"78,56"
2020-03-22 10:00:00,"75,27"
2020-03-22 11:00:00,"73,76"
2020-03-22 12:00:00,"72,37"
2020-03-22 13:00:00,"70,85"
2020-03-22 14:00:00,"70,22"
2020-03-22 15:00:00,"72,24"
2020-03-22 16:00:00,"77,42"
2020-03-22 17:00:00,"90,05"
2020-03-22 18:00:00,"100,41"
2020-03-22 19:00:00,"101,29"
2020-03-22 20:00:00,"100,41"
2020-03-22 21:00:00,"98,64"
2020-03-22 22:00:00,"94,85"
2020-03-22 23:00:00,"90,56"
2020-03-23 00:00:00,"88,16"
2020-03-23 01:00:00,"85,51"
2020-03-23 02:00:00,"85,51"
2020-03-23 03:00:00,"87,78"
2020-03-23 04:00:00,"90,43"
2020-03-23 05:00:00,"94,73"
2020-03-23 06:00:00,"98,89"
2020-03-23 07:00:00,"102,43"
2020-03-23 08:00:00,"104,20"
2020-03-23 09:00:00,"104,20"
2020-03-23 10:00:00,"102,68"
2020-03-23 11:00:00,"101,04"
2020-03-23 12:00:00,"99,65"
2020-03-23 13:00:00,"98,51"
2020-03-23 14:00:00,"97,88"
2020-03-23 15:00:00,"96,75"
2020-03-23 16:00:00,"96,75"
2020-03-23 17:00:00,"98,39"
2020-03-23 18:00:00,"99,15"
2020-03-23 19:00:00,"99,90"
2020-03-23 20:00:00,"101,04"
2020-03-23 21:00:00,"96,11"
2020-03-23 22:00:00,"90,43"
2020-03-23 23:00:00,"85,25"
2020-03-24 00:00:00,"75,70"
2020-03-24 01:00:00,"72,99"
2020-03-24 02:00:00,"71,15"
2020-03-24 03:00:00,"72,01"
2020-03-24 04:00:00,"75,57"
2020-03-24 05:00:00,"81,60"
2020-03-24 06:00:00,"89,95"
2020-03-24 07:00:00,"97,69"
2020-03-24 08:00:00,"97,69"
2020-03-24 09:00:00,"93,39"
2020-03-24 10:00:00,"89,83"
2020-03-24 11:00:00,"87,00"
2020-03-24 12:00:00,"85,41"
2020-03-24 13:00:00,"84,05"
2020-03-24 14:00:00,"84,05"
2020-03-24 15:00:00,"84,42"
2020-03-24 16:00:00,"86,02"
2020-03-24 17:00:00,"89,71"
2020-03-24 18:00:00,"93,27"
2020-03-24 19:00:00,"94,25"
2020-03-24 20:00:00,"90,81"
2020-03-24 21:00:00,"86,02"
2020-03-24 22:00:00,"80,37"
2020-03-24 23:00:00,"73,36"
2020-03-25 00:00:00,"69,04"
2020-03-25 01:00:00,"65,93"
2020-03-25 02:00:00,"63,53"
2020-03-25 03:00:00,"65,45"
2020-03-25 04:00:00,"68,80"
2020-03-25 05:00:00,"72,99"
2020-03-25 06:00:00,"80,05"
2020-03-25 07:00:00,"88,06"
2020-03-25 08:00:00,"89,02"
2020-03-25 09:00:00,"87,94"
2020-03-25 10:00:00,"85,55"
2020-03-25 11:00:00,"83,16"
2020-03-25 12:00:00,"81,48"
2020-03-25 13:00:00,"80,29"
2020-03-25 14:00:00,"80,05"
2020-03-25 15:00:00,"80,29"
2020-03-25 16:00:00,"81,60"
2020-03-25 17:00:00,"84,35"
2020-03-25 18:00:00,"88,42"
2020-03-25 19:00:00,"89,14"
2020-03-25 20:00:00,"84,95"
2020-03-25 21:00:00,"82,80"
2020-03-25 22:00:00,"80,52"
2020-03-25 23:00:00,"77,17"
2020-03-26 00:00:00,"72,38"
2020-03-26 01:00:00,"72,85"
2020-03-26 02:00:00,"73,44"
2020-03-26 03:00:00,"74,73"
2020-03-26 04:00:00,"76,14"
2020-03-26 05:00:00,"77,44"
2020-03-26 06:00:00,"80,73"
2020-03-26 07:00:00,"83,91"
2020-03-26 08:00:00,"83,32"
2020-03-26 09:00:00,"81,91"
2020-03-26 10:00:00,"81,09"
2020-03-26 11:00:00,"79,79"
2020-03-26 12:00:00,"78,73"
2020-03-26 13:00:00,"77,44"
2020-03-26 14:00:00,"76,61"
2020-03-26 15:00:00,"76,97"
2020-03-26 16:00:00,"77,67"
2020-03-26 17:00:00,"80,03"
2020-03-26 18:00:00,"81,79"
2020-03-26 19:00:00,"82,26"
2020-03-26 20:00:00,"83,21"
2020-03-26 21:00:00,"81,68"
2020-03-26 22:00:00,"77,56"
2020-03-26 23:00:00,"73,91"
2020-03-27 00:00:00,"67,99"
2020-03-27 01:00:00,"66,25"
2020-03-27 02:00:00,"66,02"
2020-03-27 03:00:00,"66,95"
2020-03-27 04:00:00,"68,92"
2020-03-27 05:00:00,"71,25"
2020-03-27 06:00:00,"74,74"
2020-03-27 07:00:00,"79,62"
2020-03-27 08:00:00,"80,43"
2020-03-27 09:00:00,"78,34"
2020-03-27 10:00:00,"76,36"
2020-03-27 11:00:00,"75,55"
2020-03-27 12:00:00,"74,50"
2020-03-27 13:00:00,"72,76"
2020-03-27 14:00:00,"71,37"
2020-03-27 15:00:00,"70,55"
2020-03-27 16:00:00,"70,67"
2020-03-27 17:00:00,"71,37"
2020-03-27 18:00:00,"72,41"
2020-03-27 19:00:00,"73,11"
2020-03-27 20:00:00,"72,18"
2020-03-27 21:00:00,"70,20"
2020-03-27 22:00:00,"67,30"
2020-03-27 23:00:00,"64,97"
2020-03-28 00:00:00,"64,12"
2020-03-28 01:00:00,"62,49"
2020-03-28 02:00:00,"61,68"
2020-03-28 03:00:00,"61,68"
2020-03-28 04:00:00,"62,37"
2020-03-28 05:00:00,"62,61"
2020-03-28 06:00:00,"63,65"
2020-03-28 07:00:00,"65,63"
2020-03-28 08:00:00,"68,43"
2020-03-28 09:00:00,"68,66"
2020-03-28 10:00:00,"66,56"
2020-03-28 11:00:00,"61,79"
2020-03-28 12:00:00,"58,07"
2020-03-28 13:00:00,"47,71"
2020-03-28 14:00:00,"46,20"
2020-03-28 15:00:00,"49,11"
2020-03-28 16:00:00,"58,77"
2020-03-28 17:00:00,"64,59"
2020-03-28 18:00:00,"67,73"
2020-03-28 19:00:00,"67,03"
2020-03-28 20:00:00,"63,42"
2020-03-28 21:00:00,"60,51"
2020-03-28 22:00:00,"58,88"
2020-03-28 23:00:00,"57,14"
2020-03-29 00:00:00,"53,31"
2020-03-29 01:00:00,"52,14"
2020-03-29 02:00:00,
2020-03-29 03:00:00,"48,26"
2020-03-29 04:00:00,"43,21"
2020-03-29 05:00:00,"40,75"
2020-03-29 06:00:00,"44,39"
2020-03-29 07:00:00,"46,50"
2020-03-29 08:00:00,"51,20"
2020-03-29 09:00:00,"53,66"
2020-03-29 10:00:00,"53,78"
2020-03-29 11:00:00,"52,84"
2020-03-29 12:00:00,"51,20"
2020-03-29 13:00:00,"49,08"
2020-03-29 14:00:00,"47,79"
2020-03-29 15:00:00,"47,79"
2020-03-29 16:00:00,"56,95"
2020-03-29 17:00:00,"60,24"
2020-03-29 18:00:00,"64,82"
2020-03-29 19:00:00,"73,98"
2020-03-29 20:00:00,"77,27"
2020-03-29 21:00:00,"75,50"
2020-03-29 22:00:00,"73,39"
2020-03-29 23:00:00,"68,81"
2020-03-30 00:00:00,"64,82"
2020-03-30 01:00:00,"64,58"
2020-03-30 02:00:00,"64,58"
2020-03-30 03:00:00,"64,94"
2020-03-30 04:00:00,"65,17"
2020-03-30 05:00:00,"67,87"
2020-03-30 06:00:00,"72,45"
2020-03-30 07:00:00,"79,73"
2020-03-30 08:00:00,"88,54"
2020-03-30 09:00:00,"90,89"
2020-03-30 10:00:00,"88,54"
2020-03-30 11:00:00,"79,38"
2020-03-30 12:00:00,"77,03"
2020-03-30 13:00:00,"74,68"
2020-03-30 14:00:00,"72,10"
2020-03-30 15:00:00,"72,57"
2020-03-30 16:00:00,"74,33"
2020-03-30 17:00:00,"76,44"
2020-03-30 18:00:00,"79,61"
2020-03-30 19:00:00,"80,20"
2020-03-30 20:00:00,"83,84"
2020-03-30 21:00:00,"80,08"
2020-03-30 22:00:00,"72,33"
2020-03-30 23:00:00,"67,64"
2020-03-31 00:00:00,"63,52"
2020-03-31 01:00:00,"61,76"
2020-03-31 02:00:00,"60,35"
2020-03-31 03:00:00,"59,77"
2020-03-31 04:00:00,"60,47"
2020-03-31 05:00:00,"61,88"
2020-03-31 06:00:00,"63,41"
2020-03-31 07:00:00,"69,98"
2020-03-31 08:00:00,"77,97"
2020-03-31 09:00:00,"69,86"
2020-03-31 10:00:00,"64,82"
2020-03-31 11:00:00,"62,94"
2020-03-31 12:00:00,"62,47"
2020-03-31 13:00:00,"60,71"
2020-03-31 14:00:00,"58,59"
2020-03-31 15:00:00,"57,77"
2020-03-31 16:00:00,"57,42"
2020-03-31 17:00:00,"58,01"
2020-03-31 18:00:00,"58,48"
2020-03-31 19:00:00,"59,18"
2020-03-31 20:00:00,"60,00"
2020-03-31 21:00:00,"58,83"
2020-03-31 22:00:00,"56,71"
2020-03-31 23:00:00,"53,66"
2020-04-01 00:00:00,"48,69"
2020-04-01 01:00:00,"48,92"
2020-04-01 02:00:00,"49,38"
2020-04-01 03:00:00,"50,52"
2020-04-01 04:00:00,"51,90"
2020-04-01 05:00:00,"54,07"
2020-04-01 06:00:00,"56,82"
2020-04-01 07:00:00,"61,29"
2020-04-01 08:00:00,"63,70"
2020-04-01 09:00:00,"63,81"
2020-04-01 10:00:00,"62,55"
2020-04-01 11:00:00,"60,83"
2020-04-01 12:00:00,"60,03"
2020-04-01 13:00:00,"59,34"
2020-04-01 14:00:00,"59,00"
2020-04-01 15:00:00,"58,31"
2020-04-01 16:00:00,"57,05"
2020-04-01 17:00:00,"57,17"
2020-04-01 18:00:00,"58,31"
2020-04-01 19:00:00,"58,77"
2020-04-01 20:00:00,"58,65"
2020-04-01 21:00:00,"56,71"
2020-04-01 22:00:00,"54,42"
2020-04-01 23:00:00,"51,78"
2020-04-02 00:00:00,"48,15"
2020-04-02 01:00:00,"47,24"
2020-04-02 02:00:00,"47,24"
2020-04-02 03:00:00,"48,27"
2020-04-02 04:00:00,"49,86"
2020-04-02 05:00:00,"51,91"
2020-04-02 06:00:00,"54,64"
2020-04-02 07:00:00,"57,60"
2020-04-02 08:00:00,"57,94"
2020-04-02 09:00:00,"56,46"
2020-04-02 10:00:00,"55,21"
2020-04-02 11:00:00,"53,73"
2020-04-02 12:00:00,"53,05"
2020-04-02 13:00:00,"52,48"
2020-04-02 14:00:00,"51,57"
2020-04-02 15:00:00,"51,34"
2020-04-02 16:00:00,"51,46"
2020-04-02 17:00:00,"51,91"
2020-04-02 18:00:00,"52,14"
2020-04-02 19:00:00,"52,59"
2020-04-02 20:00:00,"52,82"
2020-04-02 21:00:00,"52,02"
2020-04-02 22:00:00,"50,66"
2020-04-02 23:00:00,"47,70"
2020-04-03 00:00:00,"38,43"
2020-04-03 01:00:00,"37,65"
2020-04-03 02:00:00,"37,42"
2020-04-03 03:00:00,"37,87"
2020-04-03 04:00:00,"38,88"
2020-04-03 05:00:00,"41,93"
2020-04-03 06:00:00,"45,31"
2020-04-03 07:00:00,"49,25"
2020-04-03 08:00:00,"50,72"
2020-04-03 09:00:00,"49,71"
2020-04-03 10:00:00,"48,47"
2020-04-03 11:00:00,"47,45"
2020-04-03 12:00:00,"46,55"
2020-04-03 13:00:00,"45,87"
2020-04-03 14:00:00,"44,97"
2020-04-03 15:00:00,"44,07"
2020-04-03 16:00:00,"44,97"
2020-04-03 17:00:00,"46,66"
2020-04-03 18:00:00,"48,69"
2020-04-03 19:00:00,"50,49"
2020-04-03 20:00:00,"51,28"
2020-04-03 21:00:00,"50,49"
2020-04-03 22:00:00,"49,71"
2020-04-03 23:00:00,"48,35"
2020-04-04 00:00:00,"49,86"
2020-04-04 01:00:00,"49,74"
2020-04-04 02:00:00,"49,41"
2020-04-04 03:00:00,"49,63"
2020-04-04 04:00:00,"50,20"
2020-04-04 05:00:00,"50,87"
2020-04-04 06:00:00,"51,44"
2020-04-04 07:00:00,"52,56"
2020-04-04 08:00:00,"53,47"
2020-04-04 09:00:00,"53,35"
2020-04-04 10:00:00,"53,13"
2020-04-04 11:00:00,"52,23"
2020-04-04 12:00:00,"51,10"
2020-04-04 13:00:00,"49,86"
2020-04-04 14:00:00,"48,96"
2020-04-04 15:00:00,"48,62"
2020-04-04 16:00:00,"49,41"
2020-04-04 17:00:00,"50,99"
2020-04-04 18:00:00,"51,89"
2020-04-04 19:00:00,"52,23"
2020-04-04 20:00:00,"52,00"
2020-04-04 21:00:00,"51,44"
2020-04-04 22:00:00,"51,10"
2020-04-04 23:00:00,"50,53"
2020-04-05 00:00:00,"52,88"
2020-04-05 01:00:00,"52,42"
2020-04-05 02:00:00,"52,08"
2020-04-05 03:00:00,"51,97"
2020-04-05 04:00:00,"51,97"
2020-04-05 05:00:00,"52,08"
2020-04-05 06:00:00,"51,97"
2020-04-05 07:00:00,"52,31"
2020-04-05 08:00:00,"52,88"
2020-04-05 09:00:00,"51,62"
2020-04-05 10:00:00,"48,44"
2020-04-05 11:00:00,"43,78"
2020-04-05 12:00:00,"40,59"
2020-04-05 13:00:00,"39,91"
2020-04-05 14:00:00,"39,91"
2020-04-05 15:00:00,"41,85"
2020-04-05 16:00:00,"44,57"
2020-04-05 17:00:00,"49,69"
2020-04-05 18:00:00,"52,88"
2020-04-05 19:00:00,"53,22"
2020-04-05 20:00:00,"52,99"
2020-04-05 21:00:00,"52,31"
2020-04-05 22:00:00,"51,74"
2020-04-05 23:00:00,"49,24"
2020-04-06 00:00:00,"46,96"
2020-04-06 01:00:00,"45,37"
2020-04-06 02:00:00,"45,94"
2020-04-06 03:00:00,"42,07"
2020-04-06 04:00:00,"41,62"
2020-04-06 05:00:00,"49,69"
2020-04-06 06:00:00,"53,10"
2020-04-06 07:00:00,"53,90"
2020-04-06 08:00:00,"54,92"
2020-04-06 09:00:00,"54,47"
2020-04-06 10:00:00,"53,78"
2020-04-06 11:00:00,"52,42"
2020-04-06 12:00:00,"51,85"
2020-04-06 13:00:00,"51,51"
2020-04-06 14:00:00,"50,37"
2020-04-06 15:00:00,"49,58"
2020-04-06 16:00:00,"49,24"
2020-04-06 17:00:00,"49,92"
2020-04-06 18:00:00,"50,03"
2020-04-06 19:00:00,"50,37"
2020-04-06 20:00:00,"50,94"
2020-04-06 21:00:00,"50,71"
2020-04-06 22:00:00,"48,67"
2020-04-06 23:00:00,"46,05"
2020-04-07 00:00:00,"43,72"
2020-04-07 01:00:00,"43,04"
2020-04-07 02:00:00,"42,81"
2020-04-07 03:00:00,"44,06"
2020-04-07 04:00:00,"45,42"
2020-04-07 05:00:00,"47,92"
2020-04-07 06:00:00,"53,49"
2020-04-07 07:00:00,"54,17"
2020-04-07 08:00:00,"55,19"
2020-04-07 09:00:00,"54,85"
2020-04-07 10:00:00,"54,05"
2020-04-07 11:00:00,"53,03"
2020-04-07 12:00:00,"52,58"
2020-04-07 13:00:00,"52,01"
2020-04-07 14:00:00,"51,56"
2020-04-07 15:00:00,"51,56"
2020-04-07 16:00:00,"51,56"
2020-04-07 17:00:00,"50,31"
2020-04-07 18:00:00,"51,33"
2020-04-07 19:00:00,"52,24"
2020-04-07 20:00:00,"52,58"
2020-04-07 21:00:00,"51,67"
2020-04-07 22:00:00,"50,99"
2020-04-07 23:00:00,"47,35"
2020-04-08 00:00:00,"48,70"
2020-04-08 01:00:00,"47,25"
2020-04-08 02:00:00,"46,58"
2020-04-08 03:00:00,"46,70"
2020-04-08 04:00:00,"47,70"
2020-04-08 05:00:00,"50,25"
2020-04-08 06:00:00,"53,03"
2020-04-08 07:00:00,"54,37"
2020-04-08 08:00:00,"55,15"
2020-04-08 09:00:00,"54,81"
2020-04-08 10:00:00,"54,59"
2020-04-08 11:00:00,"53,81"
2020-04-08 12:00:00,"53,03"
2020-04-08 13:00:00,"51,70"
2020-04-08 14:00:00,"50,92"
2020-04-08 15:00:00,"50,25"
2020-04-08 16:00:00,"50,03"
2020-04-08 17:00:00,"50,14"
2020-04-08 18:00:00,"50,03"
2020-04-08 19:00:00,"50,70"
2020-04-08 20:00:00,"51,25"
2020-04-08 21:00:00,"50,36"
2020-04-08 22:00:00,"48,36"
2020-04-08 23:00:00,"45,58"
2020-04-09 00:00:00,"47,71"
2020-04-09 01:00:00,"46,82"
2020-04-09 02:00:00,"46,37"
2020-04-09 03:00:00,"46,82"
2020-04-09 04:00:00,"48,39"
2020-04-09 05:00:00,"51,53"
2020-04-09 06:00:00,"53,55"
2020-04-09 07:00:00,"54,45"
2020-04-09 08:00:00,"54,90"
2020-04-09 09:00:00,"54,68"
2020-04-09 10:00:00,"54,56"
2020-04-09 11:00:00,"52,99"
2020-04-09 12:00:00,"52,09"
2020-04-09 13:00:00,"51,31"
2020-04-09 14:00:00,"50,52"
2020-04-09 15:00:00,"49,85"
2020-04-09 16:00:00,"50,41"
2020-04-09 17:00:00,"52,54"
2020-04-09 18:00:00,"53,33"
2020-04-09 19:00:00,"54,11"
2020-04-09 20:00:00,"54,90"
2020-04-09 21:00:00,"55,24"
2020-04-09 22:00:00,"55,46"
2020-04-09 23:00:00,"53,44"
2020-04-10 00:00:00,"53,71"
2020-04-10 01:00:00,"53,26"
2020-04-10 02:00:00,"53,26"
2020-04-10 03:00:00,"53,94"
2020-04-10 04:00:00,"54,72"
2020-04-10 05:00:00,"55,62"
2020-04-10 06:00:00,"55,62"
2020-04-10 07:00:00,"56,07"
2020-04-10 08:00:00,"56,63"
2020-04-10 09:00:00,"56,74"
2020-04-10 10:00:00,"56,74"
2020-04-10 11:00:00,"56,29"
2020-04-10 12:00:00,"56,07"
2020-04-10 13:00:00,"55,73"
2020-04-10 14:00:00,"55,51"
2020-04-10 15:00:00,"55,51"
2020-04-10 16:00:00,"55,40"
2020-04-10 17:00:00,"55,62"
2020-04-10 18:00:00,"55,73"
2020-04-10 19:00:00,"56,07"
2020-04-10 20:00:00,"56,52"
2020-04-10 21:00:00,"56,52"
2020-04-10 22:00:00,"56,41"
2020-04-10 23:00:00,"55,85"
2020-04-11 00:00:00,"55,85"
2020-04-11 01:00:00,"55,51"
2020-04-11 02:00:00,"55,40"
2020-04-11 03:00:00,"55,51"
2020-04-11 04:00:00,"55,73"
2020-04-11 05:00:00,"56,18"
2020-04-11 06:00:00,"55,96"
2020-04-11 07:00:00,"56,18"
2020-04-11 08:00:00,"56,52"
2020-04-11 09:00:00,"56,29"
2020-04-11 10:00:00,"56,41"
2020-04-11 11:00:00,"56,07"
2020-04-11 12:00:00,"55,85"
2020-04-11 13:00:00,"55,62"
2020-04-11 14:00:00,"55,40"
2020-04-11 15:00:00,"55,40"
2020-04-11 16:00:00,"55,62"
2020-04-11 17:00:00,"55,96"
2020-04-11 18:00:00,"56,63"
2020-04-11 19:00:00,"56,18"
2020-04-11 20:00:00,"56,52"
2020-04-11 21:00:00,"55,40"
2020-04-11 22:00:00,"53,37"
2020-04-11 23:00:00,"51,69"
2020-04-12 00:00:00,"49,44"
2020-04-12 01:00:00,"47,53"
2020-04-12 02:00:00,"46,18"
2020-04-12 03:00:00,"46,29"
2020-04-12 04:00:00,"46,97"
2020-04-12 05:00:00,"47,42"
2020-04-12 06:00:00,"46,97"
2020-04-12 07:00:00,"47,76"
2020-04-12 08:00:00,"50,34"
2020-04-12 09:00:00,"51,46"
2020-04-12 10:00:00,"50,34"
2020-04-12 11:00:00,"47,19"
2020-04-12 12:00:00,"42,70"
2020-04-12 13:00:00,"33,37"
2020-04-12 14:00:00,"24,27"
2020-04-12 15:00:00,"24,95"
2020-04-12 16:00:00,"33,71"
2020-04-12 17:00:00,"41,24"
2020-04-12 18:00:00,"45,28"
2020-04-12 19:00:00,"46,07"
2020-04-12 20:00:00,"47,31"
2020-04-12 21:00:00,"48,32"
2020-04-12 22:00:00,"42,92"
2020-04-12 23:00:00,"38,54"
2020-04-13 00:00:00,"32,59"
2020-04-13 01:00:00,"18,54"
2020-04-13 02:00:00,"19,33"
2020-04-13 03:00:00,"13,93"
2020-04-13 04:00:00,"15,73"
2020-04-13 05:00:00,"16,18"
2020-04-13 06:00:00,"18,76"
2020-04-13 07:00:00,"20,56"
2020-04-13 08:00:00,"21,69"
2020-04-13 09:00:00,"23,82"
2020-04-13 10:00:00,"24,83"
2020-04-13 11:00:00,"23,71"
2020-04-13 12:00:00,"22,81"
2020-04-13 13:00:00,"22,02"
2020-04-13 14:00:00,"21,01"
2020-04-13 15:00:00,"19,78"
2020-04-13 16:00:00,"20,68"
2020-04-13 17:00:00,"26,41"
2020-04-13 18:00:00,"33,82"
2020-04-13 19:00:00,"43,71"
2020-04-13 20:00:00,"50,68"
2020-04-13 21:00:00,"52,02"
2020-04-13 22:00:00,"49,22"
2020-04-13 23:00:00,"46,41"
2020-04-14 00:00:00,"42,59"
2020-04-14 01:00:00,"46,18"
2020-04-14 02:00:00,"43,82"
2020-04-14 03:00:00,"44,50"
2020-04-14 04:00:00,"50,45"
2020-04-14 05:00:00,"52,70"
2020-04-14 06:00:00,"54,50"
2020-04-14 07:00:00,"56,18"
2020-04-14 08:00:00,"57,64"
2020-04-14 09:00:00,"56,18"
2020-04-14 10:00:00,"55,96"
2020-04-14 11:00:00,"55,62"
2020-04-14 12:00:00,"55,40"
2020-04-14 13:00:00,"55,17"
2020-04-14 14:00:00,"54,61"
2020-04-14 15:00:00,"53,82"
2020-04-14 16:00:00,"53,49"
2020-04-14 17:00:00,"54,05"
2020-04-14 18:00:00,"54,61"
2020-04-14 19:00:00,"54,83"
2020-04-14 20:00:00,"54,72"
2020-04-14 21:00:00,"53,71"
2020-04-14 22:00:00,"51,91"
2020-04-14 23:00:00,"49,10"
2020-04-15 00:00:00,"45,53"
2020-04-15 01:00:00,"42,59"
2020-04-15 02:00:00,"40,90"
2020-04-15 03:00:00,"40,90"
2020-04-15 04:00:00,"43,27"
2020-04-15 05:00:00,"47,22"
2020-04-15 06:00:00,"53,55"
2020-04-15 07:00:00,"58,86"
2020-04-15 08:00:00,"61,79"
2020-04-15 09:00:00,"59,54"
2020-04-15 10:00:00,"56,94"
2020-04-15 11:00:00,"55,36"
2020-04-15 12:00:00,"54,34"
2020-04-15 13:00:00,"53,10"
2020-04-15 14:00:00,"50,38"
2020-04-15 15:00:00,"51,51"
2020-04-15 16:00:00,"51,51"
2020-04-15 17:00:00,"52,53"
2020-04-15 18:00:00,"53,43"
2020-04-15 19:00:00,"53,55"
2020-04-15 20:00:00,"53,43"
2020-04-15 21:00:00,"52,53"
2020-04-15 22:00:00,"49,93"
2020-04-15 23:00:00,"45,19"
2020-04-16 00:00:00,"38,99"
2020-04-16 01:00:00,"36,81"
2020-04-16 02:00:00,"36,01"
2020-04-16 03:00:00,"36,24"
2020-04-16 04:00:00,"38,19"
2020-04-16 05:00:00,"42,89"
2020-04-16 06:00:00,"51,95"
2020-04-16 07:00:00,"57,11"
2020-04-16 08:00:00,"63,07"
2020-04-16 09:00:00,"61,70"
2020-04-16 10:00:00,"58,83"
2020-04-16 11:00:00,"56,88"
2020-04-16 12:00:00,"56,31"
2020-04-16 13:00:00,"56,08"
2020-04-16 14:00:00,"55,62"
2020-04-16 15:00:00,"54,82"
2020-04-16 16:00:00,"55,39"
2020-04-16 17:00:00,"55,05"
2020-04-16 18:00:00,"55,62"
2020-04-16 19:00:00,"56,31"
2020-04-16 20:00:00,"55,51"
2020-04-16 21:00:00,"55,62"
2020-04-16 22:00:00,"56,31"
2020-04-16 23:00:00,"54,01"
2020-04-17 00:00:00,"53,13"
2020-04-17 01:00:00,"52,78"
2020-04-17 02:00:00,"52,78"
2020-04-17 03:00:00,"53,24"
2020-04-17 04:00:00,"53,47"
2020-04-17 05:00:00,"55,30"
2020-04-17 06:00:00,"57,14"
2020-04-17 07:00:00,"58,97"
2020-04-17 08:00:00,"61,72"
2020-04-17 09:00:00,"60,00"
2020-04-17 10:00:00,"57,25"
2020-04-17 11:00:00,"56,79"
2020-04-17 12:00:00,"56,68"
2020-04-17 13:00:00,"56,22"
2020-04-17 14:00:00,"57,02"
2020-04-17 15:00:00,"56,68"
2020-04-17 16:00:00,"56,33"
2020-04-17 17:00:00,"56,56"
2020-04-17 18:00:00,"57,02"
2020-04-17 19:00:00,"57,48"
2020-04-17 20:00:00,"57,02"
2020-04-17 21:00:00,"57,02"
2020-04-17 22:00:00,"56,91"
2020-04-17 23:00:00,"55,19"
2020-04-18 00:00:00,"55,65"
2020-04-18 01:00:00,"55,08"
2020-04-18 02:00:00,"54,97"
2020-04-18 03:00:00,"55,31"
2020-04-18 04:00:00,"55,76"
2020-04-18 05:00:00,"56,55"
2020-04-18 06:00:00,"57,57"
2020-04-18 07:00:00,"59,16"
2020-04-18 08:00:00,"60,52"
2020-04-18 09:00:00,"61,42"
2020-04-18 10:00:00,"58,70"
2020-04-18 11:00:00,"56,44"
2020-04-18 12:00:00,"55,99"
2020-04-18 13:00:00,"56,44"
2020-04-18 14:00:00,"56,67"
2020-04-18 15:00:00,"56,44"
2020-04-18 16:00:00,"57,12"
2020-04-18 17:00:00,"58,25"
2020-04-18 18:00:00,"58,59"
2020-04-18 19:00:00,"58,70"
2020-04-18 20:00:00,"58,59"
2020-04-18 21:00:00,"58,14"
2020-04-18 22:00:00,"57,34"
2020-04-18 23:00:00,"55,53"
2020-04-19 00:00:00,"54,10"
2020-04-19 01:00:00,"53,87"
2020-04-19 02:00:00,"53,76"
2020-04-19 03:00:00,"54,32"
2020-04-19 04:00:00,"55,00"
2020-04-19 05:00:00,"55,45"
2020-04-19 06:00:00,"55,45"
2020-04-19 07:00:00,"56,92"
2020-04-19 08:00:00,"59,30"
2020-04-19 09:00:00,"60,89"
2020-04-19 10:00:00,"60,43"
2020-04-19 11:00:00,"57,49"
2020-04-19 12:00:00,"54,32"
2020-04-19 13:00:00,"50,25"
2020-04-19 14:00:00,"48,21"
2020-04-19 15:00:00,"47,98"
2020-04-19 16:00:00,"49,57"
2020-04-19 17:00:00,"52,51"
2020-04-19 18:00:00,"54,89"
2020-04-19 19:00:00,"56,02"
2020-04-19 20:00:00,"56,47"
2020-04-19 21:00:00,"56,47"
2020-04-19 22:00:00,"53,87"
2020-04-19 23:00:00,"52,40"
2020-04-20 00:00:00,"50,13"
2020-04-20 01:00:00,"48,78"
2020-04-20 02:00:00,"42,78"
2020-04-20 03:00:00,"40,06"
2020-04-20 04:00:00,"44,36"
2020-04-20 05:00:00,"52,62"
2020-04-20 06:00:00,"60,77"
2020-04-20 07:00:00,"73,90"
2020-04-20 08:00:00,"81,14"
2020-04-20 09:00:00,"76,62"
2020-04-20 10:00:00,"69,71"
2020-04-20 11:00:00,"61,22"
2020-04-20 12:00:00,"54,32"
2020-04-20 13:00:00,"51,83"
2020-04-20 14:00:00,"50,93"
2020-04-20 15:00:00,"50,59"
2020-04-20 16:00:00,"51,38"
2020-04-20 17:00:00,"54,10"
2020-04-20 18:00:00,"59,75"
2020-04-20 19:00:00,"59,87"
2020-04-20 20:00:00,"57,94"
2020-04-20 21:00:00,"57,94"
2020-04-20 22:00:00,"57,15"
2020-04-20 23:00:00,"54,89"
2020-04-21 00:00:00,"52,44"
2020-04-21 01:00:00,"48,61"
2020-04-21 02:00:00,"45,90"
2020-04-21 03:00:00,"45,79"
2020-04-21 04:00:00,"45,79"
2020-04-21 05:00:00,"51,88"
2020-04-21 06:00:00,"57,74"
2020-04-21 07:00:00,"59,66"
2020-04-21 08:00:00,"61,91"
2020-04-21 09:00:00,"58,76"
2020-04-21 10:00:00,"53,57"
2020-04-21 11:00:00,"49,51"
2020-04-21 12:00:00,"45,90"
2020-04-21 13:00:00,"45,34"
2020-04-21 14:00:00,"45,00"
2020-04-21 15:00:00,"42,97"
2020-04-21 16:00:00,"47,37"
2020-04-21 17:00:00,"50,30"
2020-04-21 18:00:00,"53,68"
2020-04-21 19:00:00,"56,73"
2020-04-21 20:00:00,"57,06"
2020-04-21 21:00:00,"56,95"
2020-04-21 22:00:00,"56,73"
2020-04-21 23:00:00,"55,03"
2020-04-22 00:00:00,"54,73"
2020-04-22 01:00:00,"51,85"
2020-04-22 02:00:00,"49,66"
2020-04-22 03:00:00,"50,93"
2020-04-22 04:00:00,"52,66"
2020-04-22 05:00:00,"57,62"
2020-04-22 06:00:00,"61,53"
2020-04-22 07:00:00,"79,51"
2020-04-22 08:00:00,"89,53"
2020-04-22 09:00:00,"79,85"
2020-04-22 10:00:00,"72,25"
2020-04-22 11:00:00,"67,99"
2020-04-22 12:00:00,"58,19"
2020-04-22 13:00:00,"55,66"
2020-04-22 14:00:00,"52,54"
2020-04-22 15:00:00,"51,28"
2020-04-22 16:00:00,"52,89"
2020-04-22 17:00:00,"57,50"
2020-04-22 18:00:00,"57,50"
2020-04-22 19:00:00,"57,73"
2020-04-22 20:00:00,"58,31"
2020-04-22 21:00:00,"58,08"
2020-04-22 22:00:00,"57,15"
2020-04-22 23:00:00,"55,31"
2020-04-23 00:00:00,"55,31"
2020-04-23 01:00:00,"55,08"
2020-04-23 02:00:00,"54,74"
2020-04-23 03:00:00,"55,20"
2020-04-23 04:00:00,"55,89"
2020-04-23 05:00:00,"56,93"
2020-04-23 06:00:00,"57,98"
2020-04-23 07:00:00,"60,98"
2020-04-23 08:00:00,"63,88"
2020-04-23 09:00:00,"62,72"
2020-04-23 10:00:00,"62,26"
2020-04-23 11:00:00,"60,52"
2020-04-23 12:00:00,"59,02"
2020-04-23 13:00:00,"58,32"
2020-04-23 14:00:00,"57,51"
2020-04-23 15:00:00,"56,36"
2020-04-23 16:00:00,"55,43"
2020-04-23 17:00:00,"55,31"
2020-04-23 18:00:00,"55,08"
2020-04-23 19:00:00,"55,31"
2020-04-23 20:00:00,"56,70"
2020-04-23 21:00:00,"56,93"
2020-04-23 22:00:00,"54,97"
2020-04-23 23:00:00,"52,19"
2020-04-24 00:00:00,"52,46"
2020-04-24 01:00:00,"51,89"
2020-04-24 02:00:00,"51,66"
2020-04-24 03:00:00,"51,89"
2020-04-24 04:00:00,"52,46"
2020-04-24 05:00:00,"54,53"
2020-04-24 06:00:00,"55,22"
2020-04-24 07:00:00,"58,45"
2020-04-24 08:00:00,"61,44"
2020-04-24 09:00:00,"60,06"
2020-04-24 10:00:00,"58,56"
2020-04-24 11:00:00,"57,99"
2020-04-24 12:00:00,"56,60"
2020-04-24 13:00:00,"56,26"
2020-04-24 14:00:00,"56,03"
2020-04-24 15:00:00,"54,99"
2020-04-24 16:00:00,"54,65"
2020-04-24 17:00:00,"55,22"
2020-04-24 18:00:00,"55,91"
2020-04-24 19:00:00,"56,49"
2020-04-24 20:00:00,"57,18"
2020-04-24 21:00:00,"57,06"
2020-04-24 22:00:00,"56,83"
2020-04-24 23:00:00,"55,91"
2020-04-25 00:00:00,"54,80"
2020-04-25 01:00:00,"54,34"
2020-04-25 02:00:00,"53,99"
2020-04-25 03:00:00,"54,80"
2020-04-25 04:00:00,"54,91"
2020-04-25 05:00:00,"55,71"
2020-04-25 06:00:00,"55,94"
2020-04-25 07:00:00,"57,32"
2020-04-25 08:00:00,"57,90"
2020-04-25 09:00:00,"59,16"
2020-04-25 10:00:00,"58,24"
2020-04-25 11:00:00,"56,86"
2020-04-25 12:00:00,"55,60"
2020-04-25 13:00:00,"54,34"
2020-04-25 14:00:00,"53,42"
2020-04-25 15:00:00,"53,19"
2020-04-25 16:00:00,"53,07"
2020-04-25 17:00:00,"54,11"
2020-04-25 18:00:00,"55,25"
2020-04-25 19:00:00,"56,29"
2020-04-25 20:00:00,"57,09"
2020-04-25 21:00:00,"57,09"
2020-04-25 22:00:00,"57,09"
2020-04-25 23:00:00,"55,83"
2020-04-26 00:00:00,"56,00"
2020-04-26 01:00:00,"55,66"
2020-04-26 02:00:00,"55,54"
2020-04-26 03:00:00,"56,00"
2020-04-26 04:00:00,"56,58"
2020-04-26 05:00:00,"56,92"
2020-04-26 06:00:00,"56,92"
2020-04-26 07:00:00,"57,27"
2020-04-26 08:00:00,"58,42"
2020-04-26 09:00:00,"56,58"
2020-04-26 10:00:00,"57,38"
2020-04-26 11:00:00,"56,92"
2020-04-26 12:00:00,"56,00"
2020-04-26 13:00:00,"54,85"
2020-04-26 14:00:00,"54,27"
2020-04-26 15:00:00,"53,58"
2020-04-26 16:00:00,"53,58"
2020-04-26 17:00:00,"53,93"
2020-04-26 18:00:00,"54,73"
2020-04-26 19:00:00,"55,77"
2020-04-26 20:00:00,"56,92"
2020-04-26 21:00:00,"57,27"
2020-04-26 22:00:00,"55,54"
2020-04-26 23:00:00,"53,81"
2020-04-27 00:00:00,"57,85"
2020-04-27 01:00:00,"56,81"
2020-04-27 02:00:00,"56,69"
2020-04-27 03:00:00,"56,81"
2020-04-27 04:00:00,"57,50"
2020-04-27 05:00:00,"58,08"
2020-04-27 06:00:00,"59,46"
2020-04-27 07:00:00,"63,15"
2020-04-27 08:00:00,"75,71"
2020-04-27 09:00:00,"68,68"
2020-04-27 10:00:00,"63,03"
2020-04-27 11:00:00,"62,57"
2020-04-27 12:00:00,"61,99"
2020-04-27 13:00:00,"61,53"
2020-04-27 14:00:00,"61,07"
2020-04-27 15:00:00,"61,07"
2020-04-27 16:00:00,"61,07"
2020-04-27 17:00:00,"60,96"
2020-04-27 18:00:00,"60,73"
2020-04-27 19:00:00,"61,19"
2020-04-27 20:00:00,"61,65"
2020-04-27 21:00:00,"61,65"
2020-04-27 22:00:00,"59,34"
2020-04-27 23:00:00,"58,19"
2020-04-28 00:00:00,"57,84"
2020-04-28 01:00:00,"56,80"
2020-04-28 02:00:00,"56,58"
2020-04-28 03:00:00,"56,69"
2020-04-28 04:00:00,"57,15"
2020-04-28 05:00:00,"59,44"
2020-04-28 06:00:00,"59,67"
2020-04-28 07:00:00,"68,49"
2020-04-28 08:00:00,"84,98"
2020-04-28 09:00:00,"65,05"
2020-04-28 10:00:00,"71,12"
2020-04-28 11:00:00,"73,64"
2020-04-28 12:00:00,"69,75"
2020-04-28 13:00:00,"61,96"
2020-04-28 14:00:00,"61,61"
2020-04-28 15:00:00,"59,90"
2020-04-28 16:00:00,"59,44"
2020-04-28 17:00:00,"60,70"
2020-04-28 18:00:00,"60,24"
2020-04-28 19:00:00,"60,35"
2020-04-28 20:00:00,"60,70"
2020-04-28 21:00:00,"60,70"
2020-04-28 22:00:00,"60,13"
2020-04-28 23:00:00,"57,15"
2020-04-29 00:00:00,"59,73"
2020-04-29 01:00:00,"58,60"
2020-04-29 02:00:00,"58,26"
2020-04-29 03:00:00,"58,26"
2020-04-29 04:00:00,"58,83"
2020-04-29 05:00:00,"60,29"
2020-04-29 06:00:00,"60,97"
2020-04-29 07:00:00,"64,81"
2020-04-29 08:00:00,"66,96"
2020-04-29 09:00:00,"64,81"
2020-04-29 10:00:00,"62,55"
2020-04-29 11:00:00,"61,65"
2020-04-29 12:00:00,"61,20"
2020-04-29 13:00:00,"60,86"
2020-04-29 14:00:00,"60,86"
2020-04-29 15:00:00,"60,29"
2020-04-29 16:00:00,"59,96"
2020-04-29 17:00:00,"59,50"
2020-04-29 18:00:00,"58,83"
2020-04-29 19:00:00,"58,71"
2020-04-29 20:00:00,"59,16"
2020-04-29 21:00:00,"59,84"
2020-04-29 22:00:00,"58,04"
2020-04-29 23:00:00,"55,89"
2020-04-30 00:00:00,"58,71"
2020-04-30 01:00:00,"57,47"
2020-04-30 02:00:00,"57,02"
2020-04-30 03:00:00,"56,91"
2020-04-30 04:00:00,"57,36"
2020-04-30 05:00:00,"58,60"
2020-04-30 06:00:00,"58,94"
2020-04-30 07:00:00,"59,16"
2020-04-30 08:00:00,"60,18"
2020-04-30 09:00:00,"60,18"
2020-04-30 10:00:00,"59,28"
2020-04-30 11:00:00,"58,71"
2020-04-30 12:00:00,"58,38"
2020-04-30 13:00:00,"58,26"
2020-04-30 14:00:00,"58,71"
2020-04-30 15:00:00,"57,02"
2020-04-30 16:00:00,"56,80"
2020-04-30 17:00:00,"56,46"
2020-04-30 18:00:00,"58,15"
2020-04-30 19:00:00,"58,49"
2020-04-30 20:00:00,"58,38"
2020-04-30 21:00:00,"58,94"
2020-04-30 22:00:00,"58,04"
2020-04-30 23:00:00,"56,57"
2020-05-01 00:00:00,"58,43"
2020-05-01 01:00:00,"57,76"
2020-05-01 02:00:00,"52,73"
2020-05-01 03:00:00,"50,28"
2020-05-01 04:00:00,"50,28"
2020-05-01 05:00:00,"52,51"
2020-05-01 06:00:00,"49,94"
2020-05-01 07:00:00,"53,52"
2020-05-01 08:00:00,"57,43"
2020-05-01 09:00:00,"58,99"
2020-05-01 10:00:00,"59,21"
2020-05-01 11:00:00,"58,99"
2020-05-01 12:00:00,"58,10"
2020-05-01 13:00:00,"57,65"
2020-05-01 14:00:00,"57,98"
2020-05-01 15:00:00,"57,87"
2020-05-01 16:00:00,"57,65"
2020-05-01 17:00:00,"59,44"
2020-05-01 18:00:00,"60,22"
2020-05-01 19:00:00,"60,33"
2020-05-01 20:00:00,"60,67"
2020-05-01 21:00:00,"61,22"
2020-05-01 22:00:00,"60,55"
2020-05-01 23:00:00,"59,66"
2020-05-02 00:00:00,"65,65"
2020-05-02 01:00:00,"64,51"
2020-05-02 02:00:00,"64,17"
2020-05-02 03:00:00,"64,28"
2020-05-02 04:00:00,"64,63"
2020-05-02 05:00:00,"65,08"
2020-05-02 06:00:00,"65,77"
2020-05-02 07:00:00,"66,45"
2020-05-02 08:00:00,"67,25"
2020-05-02 09:00:00,"68,27"
2020-05-02 10:00:00,"68,16"
2020-05-02 11:00:00,"67,70"
2020-05-02 12:00:00,"66,79"
2020-05-02 13:00:00,"65,65"
2020-05-02 14:00:00,"62,35"
2020-05-02 15:00:00,"59,84"
2020-05-02 16:00:00,"62,46"
2020-05-02 17:00:00,"64,63"
2020-05-02 18:00:00,"64,97"
2020-05-02 19:00:00,"65,20"
2020-05-02 20:00:00,"65,42"
2020-05-02 21:00:00,"65,31"
2020-05-02 22:00:00,"65,08"
2020-05-02 23:00:00,"64,06"
2020-05-03 00:00:00,"67,02"
2020-05-03 01:00:00,"65,88"
2020-05-03 02:00:00,"65,42"
2020-05-03 03:00:00,"65,31"
2020-05-03 04:00:00,"65,42"
2020-05-03 05:00:00,"65,77"
2020-05-03 06:00:00,"65,99"
2020-05-03 07:00:00,"66,34"
2020-05-03 08:00:00,"67,13"
2020-05-03 09:00:00,"68,05"
2020-05-03 10:00:00,"68,05"
2020-05-03 11:00:00,"67,70"
2020-05-03 12:00:00,"67,25"
2020-05-03 13:00:00,"66,68"
2020-05-03 14:00:00,"64,51"
2020-05-03 15:00:00,"63,14"
2020-05-03 16:00:00,"66,45"
2020-05-03 17:00:00,"67,02"
2020-05-03 18:00:00,"67,48"
2020-05-03 19:00:00,"67,93"
2020-05-03 20:00:00,"68,39"
2020-05-03 21:00:00,"68,73"
2020-05-03 22:00:00,"67,36"
2020-05-03 23:00:00,"66,11"
2020-05-04 00:00:00,"70,55"
2020-05-04 01:00:00,"69,07"
2020-05-04 02:00:00,"68,96"
2020-05-04 03:00:00,"69,19"
2020-05-04 04:00:00,"69,87"
2020-05-04 05:00:00,"71,92"
2020-05-04 06:00:00,"71,69"
2020-05-04 07:00:00,"79,33"
2020-05-04 08:00:00,"93,92"
2020-05-04 09:00:00,"83,55"
2020-05-04 10:00:00,"80,24"
2020-05-04 11:00:00,"78,08"
2020-05-04 12:00:00,"76,82"
2020-05-04 13:00:00,"75,68"
2020-05-04 14:00:00,"74,54"
2020-05-04 15:00:00,"74,54"
2020-05-04 16:00:00,"74,09"
2020-05-04 17:00:00,"75,68"
2020-05-04 18:00:00,"75,23"
2020-05-04 19:00:00,"76,14"
2020-05-04 20:00:00,"77,62"
2020-05-04 21:00:00,"78,08"
2020-05-04 22:00:00,"78,76"
2020-05-04 23:00:00,"74,77"
